"SampleID","WaterbodyID","InletOrOutlet","UorV","SamplingDate","Time","WaterTemperature_C","Air_Temperature_C","Pressure_Bar","pH","O2_pct","O2_mg_l","EC_us_cm","Chla","Alkalinitet_mekv_l","Kond_ms_m_25_C","PO4_P_filtr_mg_l","PO4_P_QC","TotP_mg_l","Tot_P_filtr_mg_l","NH4_N_mg_l","NO2_NO3_N_mg_l","TOC_mg_l","Tot_N_mg_l","Susp_mg_l","Dissolved_CH4_mg_L","Dissolved_N2O_ug_L","Methanotrophs_water_sample","Methanotrophs_sediment_sample","Methanogens_water_sample","Methanogens_sediment_sample"
473,5,"Outlet",,2023-9-6 00:00:00,"16:33",13.82,16.47,1.03,7.85,4.80,0.51,543.00,17.00,2.76,43.10,0.08,,0.57,0.14,0.02,,20.00,1.54,24.00,,,,,,
472,5,"Inlet",,2023-9-6 00:00:00,"15:54",17.10,16.47,1.03,7.75,20.60,2.02,644.00,23.00,3.96,55.50,0.17,,0.34,0.24,0.02,,19.70,1.71,12.00,,,,,,
471,28,"Outlet",,2023-9-6 00:00:00,"13:19",14.50,16.75,1.03,7.54,38.90,4.03,395.00,4.00,1.42,34.80,0.01,,0.04,0.02,0.13,5.08,8.20,5.33,10.00,,,,,,
470,28,"Inlet",,2023-9-6 00:00:00,"12:54",14.22,16.75,1.03,7.06,58.10,6.04,410.00,3.00,1.41,35.80,0.02,,0.05,0.02,0.04,5.13,6.40,5.36,25.00,,,,,,
469,4,"Outlet",,2023-9-5 00:00:00,"18:39",18.68,18.17,1.01,10.00,74.90,7.01,470.00,13.00,2.13,41.30,0.05,,0.14,0.10,0.01,,18.50,1.01,13.00,,,,,,
468,4,"Inlet",,2023-9-5 00:00:00,"18:19",13.90,18.17,1.01,7.87,65.40,6.78,659.00,30.00,3.16,53.40,0.08,,0.25,0.10,0.01,0.78,17.50,2.13,46.00,,,,,,
467,40,"Inlet",,2023-9-5 00:00:00,"16:49",13.95,21.57,1.01,8.05,58.10,6.03,324.00,10.00,2.09,29.70,0.08,,0.17,0.10,0.05,1.62,23.10,2.54,22.00,,,,,,
466,40,"Outlet",,2023-9-5 00:00:00,"16:31",15.38,21.57,1.01,7.40,9.10,0.91,302.00,7.00,1.89,26.00,0.14,,0.30,0.18,0.08,0.56,27.30,2.02,31.00,,,,,,
465,19,"Outlet",,2023-9-5 00:00:00,"14:01",15.32,22.02,1.01,7.67,6.70,0.67,264.00,11.00,1.27,18.80,0.10,,0.34,0.15,0.07,0.67,45.50,2.55,150.00,,,,,,
464,19,"Inlet",,2023-9-5 00:00:00,"13:19",15.81,22.02,1.01,8.18,68.20,6.80,234.00,16.00,1.44,20.30,0.04,,0.15,0.08,0.01,0.42,48.30,1.91,61.00,,,,,,
463,25,"Outlet",,2023-9-4 00:00:00,"15:44",14.67,21.30,1.02,7.80,11.70,1.21,306.00,9.00,1.66,30.00,0.58,,1.21,0.67,0.19,,27.00,2.16,20.00,,,,,,
462,25,"Inlet",,2023-9-4 00:00:00,"15:25",14.64,21.30,1.02,7.72,14.20,1.45,654.00,6.00,1.16,57.70,0.01,,0.64,0.03,0.19,0.13,14.70,1.60,120.00,,,,,,
461,26,"Inlet",,2023-9-4 00:00:00,"14:47",13.38,24.29,1.02,7.75,50.70,5.36,795.00,3.00,4.47,69.00,9.0e-03,,0.06,0.01,0.04,1.84,6.70,1.96,22.00,,,,,,
460,26,"Outlet",,2023-9-4 00:00:00,"14:27",15.93,24.29,1.02,7.34,29.40,2.94,468.00,20.00,2.60,40.00,0.01,,0.15,0.04,0.05,,19.30,1.40,17.00,,,,,,
459,15,"Outlet",,2023-9-4 00:00:00,"11:45",17.37,21.77,1.02,8.57,70.50,6.80,1891.00,6.00,6.10,44.80,0.02,,0.11,0.04,0.03,,10.40,0.71,15.00,,,,,,
458,15,"Inlet",,2023-9-4 00:00:00,"11:27",13.88,21.77,1.02,7.49,14.80,1.54,1474.00,4.00,2.80,133.00,2.0e-03,"<0,004",0.02,9.5e-03,0.07,,9.20,0.79,7.00,,,,,,
457,18,"Inlet",,2023-8-31 00:00:00,"14:49",15.10,18.44,1.00,8.86,42.20,4.21,543.00,14.00,4.40,44.20,4.0e-03,,0.04,0.01,8.0e-03,,20.60,1.01,7.00,,,,,,
456,18,"Outlet",,2023-8-31 00:00:00,"14:36",17.69,18.44,1.00,8.66,74.00,6.99,473.00,17.00,3.73,40.60,2.0e-03,"<0,004",0.03,0.01,0.01,,19.80,0.90,5.00,,,,,,
455,24,"Outlet",,2023-8-31 00:00:00,"13:08",13.93,20.08,1.00,7.97,3.00,0.31,1185.00,16.00,4.76,102.00,0.60,,0.98,0.64,1.44,,16.60,2.83,41.00,,,,,,
454,24,"Inlet",,2023-8-31 00:00:00,"12:55",14.05,20.08,1.00,8.85,38.40,3.91,1604.00,5.00,6.25,141.00,1.15,,1.42,1.19,9.74,0.44,11.40,11.70,51.00,,,,,,
453,38,"Outlet",,2023-8-31 00:00:00,"10:53",14.23,20.37,1.00,8.32,6.40,0.65,719.00,7.00,5.40,63.40,0.02,,0.16,0.03,0.03,,9.30,0.56,28.00,,,,,,
452,38,"Inlet",,2023-8-31 00:00:00,"10:40",12.57,20.37,1.00,8.14,19.70,2.08,831.00,7.00,5.68,67.40,8.0e-03,,0.05,0.01,0.01,,9.00,0.56,7.00,,,,,,
451,27,"Outlet",,2023-8-24 00:00:00,"16:27",21.28,20.75,1.01,8.58,40.50,3.59,785.00,5.00,2.12,70.90,0.01,,0.07,0.02,0.21,,13.80,1.58,29.00,,,,,,
450,27,"Inlet",,2023-8-24 00:00:00,"16:14",17.39,20.75,1.01,8.23,27.90,2.67,862.00,8.00,2.22,72.10,2.0e-03,"<0,004",0.11,0.01,0.16,,13.50,1.40,51.00,,,,,,
449,23,"Inlet",,2023-8-24 00:00:00,"13:02",15.62,21.73,1.01,8.39,55.30,5.51,411.00,9.00,3.21,39.10,0.22,,0.43,0.26,0.03,1.47,19.60,2.45,59.00,,,,,,
448,23,"Outlet",,2023-8-24 00:00:00,"12:42",15.58,21.73,1.01,7.64,27.40,2.73,392.00,10.00,2.84,35.10,0.17,,0.37,0.21,0.02,0.38,18.80,1.42,31.00,,,,,,
447,14,"Outlet",,2023-8-23 00:00:00,"14:47",21.10,20.67,1.01,8.63,42.40,3.77,660.00,8.00,2.31,57.00,2.0e-03,"<0,004",0.07,0.02,0.02,,24.50,1.76,15.00,,,,,,
446,14,"Inlet",,2023-8-23 00:00:00,"14:26",18.17,20.67,1.01,8.29,70.10,6.62,656.00,9.00,2.24,58.10,2.0e-03,"<0,004",0.05,0.02,0.01,,21.80,1.60,6.00,,,,,,
445,17,"Outlet",,2023-8-23 00:00:00,"12:33",16.25,19.48,1.01,7.90,7.10,0.70,401.00,42.00,1.53,30.60,0.07,,0.26,0.11,0.06,,19.70,1.39,29.00,,,,,,
444,17,"Inlet",,2023-8-23 00:00:00,"12:14",13.71,19.48,1.01,7.78,31.90,3.31,970.00,2.00,1.39,85.30,2.0e-03,"<0,004",0.01,4.0e-03,0.02,2.47,7.30,2.83,8.00,,,,,,
443,6,"Outlet",,2023-8-23 00:00:00,"10:41",13.35,16.08,1.01,8.13,33.50,3.51,435.00,4.00,2.92,51.00,0.03,,0.06,0.03,0.05,1.87,7.60,2.22,13.00,,,,,,
442,6,"Inlet",,2023-8-23 00:00:00,"10:21",13.03,16.08,1.01,7.98,67.30,7.09,572.00,2.00,2.92,50.50,0.02,,0.05,0.03,0.01,2.42,7.10,2.70,8.00,,,,,,
441,20,"Outlet",,2023-8-22 00:00:00,"16:09",16.27,18.37,1.01,8.31,23.40,2.30,488.00,4.00,3.23,41.90,0.03,,0.07,0.04,0.02,,11.20,0.55,17.00,,,,,,
440,20,"Inlet",,2023-8-22 00:00:00,"15:56",15.68,18.37,1.01,8.79,70.40,7.01,491.00,11.00,3.33,43.20,0.01,,0.04,0.02,0.01,0.23,10.80,0.81,33.00,,,,,,
439,22,"Outlet",,2023-8-22 00:00:00,"15:01",14.17,19.32,1.01,8.26,51.00,5.24,254.00,7.00,2.25,26.80,0.09,,0.20,0.11,0.02,1.42,16.60,2.14,34.00,,,,,,
438,22,"Inlet",,2023-8-22 00:00:00,"14:55",13.91,19.32,1.01,8.29,63.80,6.59,307.00,6.00,2.25,26.80,0.08,,0.19,0.11,0.01,1.46,16.40,2.16,29.00,,,,,,
437,21,"Inlet",,2023-8-22 00:00:00,"14:28",15.63,17.95,1.01,8.35,44.40,4.42,353.00,12.00,2.43,29.80,0.57,,1.49,0.61,0.02,0.42,27.90,2.03,210.00,,,,,,
436,21,"Outlet",,2023-8-22 00:00:00,"14:21",15.41,17.95,1.01,8.32,30.50,3.05,354.00,12.00,2.39,29.40,0.52,,0.88,0.57,0.03,0.32,35.90,2.46,170.00,,,,,,
435,16,"Inlet",,2023-8-22 00:00:00,"13:16",14.21,20.65,1.01,8.56,65.60,6.73,309.00,8.00,3.26,38.80,0.05,,0.09,0.06,0.01,2.14,15.00,2.68,19.00,,,,,,
434,16,"Outlet",,2023-8-22 00:00:00,"13:02",15.87,20.65,1.01,8.15,28.40,2.81,478.00,7.00,3.17,39.90,0.04,,0.12,0.06,0.07,1.90,15.30,2.66,22.00,,,,,,
433,39,"Inlet",,2023-8-22 00:00:00,"11:14",13.81,17.32,1.01,8.52,69.10,7.15,355.00,12.00,2.21,28.60,0.01,,0.05,0.03,0.01,1.33,25.40,2.16,24.00,,,,,,
432,39,"Outlet",,2023-8-22 00:00:00,"10:53",14.71,17.32,1.01,7.83,42.20,4.28,338.00,11.00,2.02,26.70,0.01,,0.06,0.03,0.03,1.08,26.10,1.98,26.00,,,,,,
431,28,"Outlet",,2023-7-27 00:00:00,"15:25",16.35,19.58,1.00,7.93,9.70,0.94,344.00,5.00,2.41,30.00,0.19,,0.52,0.23,0.29,,10.40,0.95,15.00,,,,,,
430,28,"Inlet",,2023-7-27 00:00:00,"15:00",14.44,19.58,1.00,7.90,27.80,2.81,387.00,3.00,2.17,33.30,0.02,,0.08,0.02,0.05,0.56,4.90,0.90,12.00,,,,,,
429,5,"Outlet",,2023-7-27 00:00:00,"12:35",14.04,16.92,1.00,7.84,0.50,0.05,635.00,43.00,3.75,52.60,0.15,,1.27,0.23,0.05,,20.70,1.47,31.00,,,,,,
428,5,"Inlet",,2023-7-27 00:00:00,"12:00",18.81,16.92,1.00,7.98,3.60,0.33,733.00,17.00,4.81,63.20,0.06,,0.22,0.14,0.01,,18.80,1.37,9.00,,,,,,
427,4,"Outlet",,2023-7-26 00:00:00,"19:55",16.60,18.36,1.00,8.31,25.40,2.44,697.00,6.00,2.18,56.50,0.03,,0.07,0.05,9.0e-03,,12.10,0.73,4.00,,,,,,
426,4,"Inlet",,2023-7-26 00:00:00,"19:35",18.99,18.36,1.00,7.95,31.50,2.89,532.00,9.00,2.37,57.50,0.05,,0.17,0.08,0.02,,11.30,0.92,18.00,,,,,,
425,40,"Inlet",,2023-7-26 00:00:00,"17:30",14.40,22.07,1.00,7.93,37.30,3.76,307.00,16.00,1.66,27.70,0.37,,0.75,0.47,0.15,1.39,22.60,3.26,69.00,,,,,,
424,40,"Outlet",,2023-7-26 00:00:00,"17:20",15.37,22.07,1.00,7.37,1.40,0.14,389.00,7.00,2.53,32.60,0.11,,0.47,0.18,0.01,,17.40,1.30,26.00,,,,,,
423,19,"Outlet",,2023-7-26 00:00:00,"15:55",14.72,20.42,1.00,7.74,6.60,0.66,380.00,7.00,3.34,31.20,0.05,,0.22,0.07,0.04,,13.20,0.81,18.00,,,,,,
422,19,"Inlet",,2023-7-26 00:00:00,"15:40",18.75,20.42,1.00,8.10,31.20,2.88,391.00,47.00,3.07,33.80,0.23,,0.44,0.25,0.09,,6.80,0.69,42.00,,,,,,
421,25,,,2023-7-25 00:00:00,,,,,,,,,,,,,,,,,,,,,,,,,,
420,38,"Outlet",,2023-7-25 00:00:00,"15:55",18.63,21.22,0.99,8.20,10.40,0.96,625.00,7.00,3.91,54.30,0.03,,0.24,0.06,7.0e-03,,10.90,0.68,14.00,,,,,,
419,38,"Inlet",,2023-7-25 00:00:00,"15:35",17.66,21.22,0.99,7.92,18.80,1.76,641.00,5.00,3.92,54.30,0.02,,0.15,0.05,0.03,,11.20,0.86,10.00,,,,,,
418,26,"Inlet",,2023-7-25 00:00:00,"12:50",13.23,22.20,0.99,8.47,54.40,5.62,535.00,3.00,3.50,51.90,0.01,,0.04,0.01,0.02,,4.10,0.32,19.00,,,,,,
417,26,"Outlet",,2023-7-25 00:00:00,"12:30",17.91,22.20,0.99,7.82,9.30,0.87,746.00,49.00,5.17,60.80,4.0e-03,,0.16,0.03,0.01,,24.40,1.78,96.00,,,,,,
416,15,"Outlet",,2023-7-24 00:00:00,"16:15",16.63,24.68,1.00,8.08,1.80,0.17,2396.00,41.00,6.33,222.00,,"Removed 0",0.53,0.01,0.01,,16.30,1.27,120.00,,,,,,
415,15,"Inlet",,2023-7-24 00:00:00,"16:00",16.54,24.68,1.00,7.92,15.80,1.52,2143.00,37.00,4.68,194.00,,"Removed 0",0.15,0.01,0.02,,23.20,1.71,210.00,,,,,,
414,24,"Outlet",,2023-7-24 00:00:00,"14:30",0.61,22.82,1.00,8.27,4.20,0.42,1867.00,16.00,4.25,163.00,0.21,,0.46,0.31,0.25,,21.20,2.59,23.00,,,,,,
413,24,"Inlet",,2023-7-24 00:00:00,"14:10",16.63,22.82,1.00,8.84,18.20,1.74,3049.00,15.00,9.75,279.00,7.03,,9.21,7.21,60.50,,48.60,69.80,72.00,,,,,,
412,14,"Outlet",,2023-7-13 00:00:00,"16:05",22.30,21.50,1.01,8.39,28.60,2.47,684.00,5.00,2.23,59.90,,"Removed 0",0.04,0.02,0.02,,26.60,1.94,5.00,,,,,,
411,14,"Inlet",,2023-7-13 00:00:00,"15:40",21.03,21.50,1.01,7.35,24.50,2.18,672.00,9.00,2.17,59.80,4.0e-03,,0.05,0.02,0.04,,25.40,1.99,8.00,,,,,,
410,6,"Outlet",,2023-7-13 00:00:00,"11:50",15.97,20.08,1.00,8.14,31.00,3.05,748.00,4.00,3.04,59.90,0.03,,0.06,0.04,0.01,1.89,4.90,2.14,9.00,,,,,,
409,6,"Inlet",,2023-7-13 00:00:00,"11:30",12.84,20.08,1.00,8.44,32.30,3.40,687.00,5.00,3.32,66.10,0.01,,0.06,0.02,7.0e-03,,9.10,0.39,10.00,,,,,,
408,39,"Outlet",,2023-7-12 00:00:00,"14:00",17.71,16.46,1.01,8.08,19.60,1.86,729.00,74.00,2.45,61.50,0.02,,0.28,0.05,0.06,,19.20,1.57,53.00,,,,,,
407,39,"Inlet",,2023-7-12 00:00:00,"13:20",14.65,16.46,1.01,7.78,18.60,1.88,1127.00,8.00,3.89,98.00,0.04,,0.12,0.06,0.19,0.30,11.60,1.15,15.00,,,,,,
406,16,"Inlet",,2023-7-12 00:00:00,"11:45",13.41,17.25,1.01,8.78,22.40,2.31,594.00,3.00,4.56,51.40,0.02,,0.03,0.02,0.02,0.80,3.50,0.95,5.00,,,,,,
405,16,"Outlet",,2023-7-12 00:00:00,"11:15",17.33,17.25,1.01,7.37,23.60,2.25,408.00,9.00,2.82,36.50,0.21,,0.58,0.27,0.02,,16.70,1.19,78.00,,,,,,
404,20,"Outlet",,2023-7-11 00:00:00,"16:15",16.98,22.23,1.01,8.03,4.80,0.46,662.00,16.00,3.83,56.60,0.05,,0.38,0.11,0.01,,21.50,1.61,22.00,,,,,,
403,20,"Inlet",,2023-7-11 00:00:00,"15:45",21.93,22.23,1.01,7.90,4.70,0.41,755.00,18.00,3.28,65.10,7.0e-03,,0.17,0.02,0.01,,16.10,1.11,33.00,,,,,,
402,23,"Inlet",,2023-7-11 00:00:00,"14:00",17.71,18.18,1.01,8.38,4.60,0.44,606.00,8.00,3.98,53.50,1.70,,2.09,1.81,1.01,1.66,15.20,4.50,43.00,,,,,,
401,23,"Outlet",,2023-7-11 00:00:00,"13:45",16.60,18.18,1.01,7.63,4.30,0.42,472.00,13.00,2.56,41.20,0.08,,2.46,0.12,0.14,,25.70,2.68,140.00,,,,,,
400,22,"Outlet",,2023-7-11 00:00:00,"12:35",15.24,20.75,1.02,7.65,3.70,0.37,313.00,8.00,2.16,27.00,0.06,,0.22,0.10,0.08,0.13,19.80,1.63,56.00,,,,,,
399,22,"Inlet",,2023-7-11 00:00:00,"12:15",15.07,20.75,1.02,8.38,3.80,0.38,359.00,9.00,2.52,31.00,0.03,,0.13,0.04,0.05,1.52,14.20,2.31,36.00,,,,,,
398,21,"Outlet",,2023-7-11 00:00:00,"11:35",17.18,19.73,1.01,7.77,3.90,0.37,477.00,59.00,3.15,40.80,0.82,,1.75,0.90,0.06,,26.20,2.17,170.00,,,,,,
397,21,"Inlet",,2023-7-11 00:00:00,"11:00",16.41,19.73,1.01,7.45,4.00,0.38,623.00,17.00,3.33,43.50,0.79,,1.67,0.84,0.03,,21.00,1.97,40.00,,,,,,
396,18,"Inlet",,2023-7-10 00:00:00,"18:40",26.29,22.41,1.01,8.82,,,250.00,7.00,1.82,22.60,,"Removed 0",0.02,0.01,0.01,,19.30,1.07,,,,,,,
395,18,"Outlet",,2023-7-10 00:00:00,"18:15",24.76,22.41,1.01,7.33,,,286.00,15.00,1.78,22.40,,"Removed 0",0.04,7.8e-03,0.01,,20.30,1.16,8.00,,,,,,
394,17,"Outlet",,2023-7-10 00:00:00,"16:20",20.29,24.65,1.02,8.15,,,796.00,13.00,3.54,68.20,0.06,,0.39,0.11,0.01,,24.40,2.32,22.00,,,,,,
393,17,"Inlet",,2023-7-10 00:00:00,"16:00",27.75,24.65,1.02,8.94,,,831.00,13.00,3.35,72.70,0.16,,1.01,0.23,7.0e-03,,39.40,5.35,270.00,,,,,,
392,27,"Outlet",,2023-7-10 00:00:00,"13:45",24.19,19.65,1.02,8.87,,,887.00,8.00,2.13,76.00,,"Removed 0",0.12,0.02,0.07,,14.20,1.29,61.00,,,,,,
391,27,"Inlet",,2023-7-10 00:00:00,"13:20",21.55,19.65,1.02,8.93,,,873.00,11.00,2.36,73.40,,"Removed 0",0.29,0.01,0.13,,13.80,1.46,96.00,,,,,,
390,40,"Outlet",,2022-8-30 00:00:00,"11:17",13.72,15.45,1.02,7.30,1.30,0.13,208.00,9.00,1.76,25.50,0.16,,0.52,0.19,0.04,0.02,10.90,0.85,20.00,,,,,,
389,40,"Inlet",,2022-8-30 00:00:00,"11:30",12.03,14.60,1.02,8.09,1.90,0.20,318.00,4.00,1.96,29.90,0.09,,0.20,0.10,0.06,0.95,6.10,1.33,9.00,,,214.67,4047.19,132.81,178725721.63
388,38,"Outlet",,2022-8-29 00:00:00,"11:20",14.86,14.98,1.02,8.72,4.80,0.45,455.00,27.00,3.65,47.20,5.0e-03,,0.25,0.02,0.01,1.5e-03,9.80,0.65,20.00,,,,,,
387,38,"Inlet",,2022-8-29 00:00:00,"11:05",13.95,14.68,1.02,7.76,13.40,1.39,592.00,7.00,3.63,50.70,0.02,,1.39,0.04,0.11,6.0e-03,13.60,1.12,790.00,,,9565.74,6663.83,3648.60,55667928.41
386,28,"Outlet",,2022-8-30 00:00:00,"12:45",13.22,13.62,1.02,8.69,1.20,0.13,475.00,7.00,3.04,43.50,0.16,,0.61,0.22,0.92,1.5e-03,14.30,1.86,15.00,,,,,,
385,28,"Inlet",,2022-8-30 00:00:00,"12:35",13.16,16.17,1.02,8.48,2.50,0.25,378.00,3.00,2.23,33.60,0.02,,0.09,0.03,0.10,0.06,3.90,0.35,8.00,,,1071.51,4451.57,551.47,127817989.25
384,27,"Outlet",,2022-7-28 00:00:00,"15:40",21.68,17.93,1.02,9.81,6.80,0.60,943.00,12.00,2.61,80.80,2.0e-03,"<0,004",0.13,0.02,0.02,0.01,15.10,1.56,55.00,,,,,,
383,27,"Inlet",,2022-7-28 00:00:00,"15:10",15.67,17.93,1.02,8.06,5.50,0.55,898.00,10.00,2.94,82.80,2.0e-03,"<0,004",0.11,0.01,7.0e-03,0.01,13.20,1.20,48.00,,,758.19,3242.34,1925.19,98376315.62
382,26,"Outlet",,2022-8-29 00:00:00,"13:36",16.63,15.01,1.02,8.60,0.20,0.02,736.00,199.00,5.08,66.60,6.0e-03,,0.11,0.03,0.03,1.5e-03,19.50,1.60,9.00,,,,,,
381,26,"Inlet",,2022-8-29 00:00:00,"13:50",13.88,15.77,1.02,8.61,0.20,0.02,596.00,3.00,3.63,52.80,0.02,,0.07,0.02,0.03,0.13,5.10,0.36,6.00,,,612.15,15098.66,64.88,185075267.17
380,24,"Outlet",,2022-8-11 00:00:00,"14:00",16.87,25.87,1.02,8.18,4.00,0.39,1544.00,16.00,4.45,135.00,0.06,,0.38,0.13,0.02,1.5e-03,21.50,1.69,65.00,,,,,,
379,24,"Inlet",,2022-8-11 00:00:00,"13:45",15.09,25.87,1.02,8.55,12.30,1.24,3122.00,5.00,5.13,266.00,0.14,,0.48,0.22,5.12,2.45,16.10,9.94,36.00,,,11306.79,10005.13,6888.55,134141559.06
378,23,"Outlet",,2022-8-4 00:00:00,"15:10",23.56,25.70,1.01,8.34,17.70,1.25,475.00,20.00,4.16,42.60,0.32,,0.85,0.39,0.05,3.0e-03,24.50,2.15,52.00,,,,,,
377,23,"Inlet",,2022-8-4 00:00:00,"15:30",26.25,25.70,1.01,8.97,4.90,0.40,463.00,55.00,3.68,35.00,0.28,,1.02,0.38,0.02,5.0e-03,24.90,2.18,160.00,,,2046.59,5348.42,1477.82,101046681.94
376,21,"Outlet",,2022-8-4 00:00:00,"11:25",17.91,21.30,1.01,7.89,0.60,0.06,791.00,15.00,5.41,68.60,0.31,,0.79,0.36,0.01,0.12,19.90,1.61,72.00,,,,,,
375,21,"Inlet",,2022-8-4 00:00:00,"11:05",15.47,21.30,1.01,7.87,0.80,0.07,898.00,15.00,4.06,71.10,0.72,,0.86,0.74,0.22,10.50,13.20,12.20,36.00,,,1560.13,1940.66,1006.39,23394335.89
374,22,"Outlet",,2022-8-4 00:00:00,"13:00",15.59,20.34,1.01,7.63,5.70,0.57,423.00,5.00,3.38,36.30,0.07,,0.26,0.10,0.01,1.5e-03,7.30,0.59,18.00,,,,,,
373,22,"Inlet",,2022-8-4 00:00:00,"12:40",16.37,20.34,1.01,9.10,15.70,1.56,428.00,26.00,3.11,36.30,0.01,,0.08,0.03,5.0e-03,2.00,6.00,2.59,8.00,,,373.06,1735.77,114.65,59448034.09
372,20,"Outlet",,2022-8-8 00:00:00,"14:50",15.00,20.02,1.01,7.97,21.90,2.23,659.00,10.00,4.05,55.90,0.10,,0.75,0.14,0.08,1.5e-03,13.90,1.06,34.00,,,,,,
371,20,"Inlet",,2022-8-8 00:00:00,"14:15",17.26,20.02,1.01,7.98,10.10,0.99,623.00,12.00,4.30,54.50,8.0e-03,,0.08,0.02,0.06,1.5e-03,10.60,0.76,28.00,,,1780.73,6661.88,181.64,64881036.60
370,19,"Outlet",,2022-8-2 00:00:00,"13:55",15.30,21.78,1.01,7.89,1.10,0.11,441.00,11.00,4.01,39.20,0.06,,0.90,0.09,0.02,4.0e-03,23.90,1.41,79.00,,,,,,
369,19,"Inlet",,2022-8-2 00:00:00,"13:40",15.23,21.78,1.01,8.24,1.60,0.16,488.00,10.00,4.06,42.40,0.88,,1.81,0.89,0.65,0.19,16.00,1.98,79.00,,,410.25,7222.52,2225.50,110416796.75
368,18,"Outlet",,2022-8-8 00:00:00,"17:25",20.08,18.30,1.02,8.30,10.20,0.93,409.00,19.00,3.27,34.70,2.0e-03,"<0,004",0.04,0.01,0.01,1.5e-03,20.20,1.22,12.00,,,,,,
367,18,"Inlet",,2022-8-8 00:00:00,"17:40",21.05,18.30,1.02,9.02,11.70,1.05,419.00,10.00,3.34,35.80,2.0e-03,"<0,004",0.09,0.01,0.01,0.01,19.90,1.23,51.00,,,1146.26,328.71,714.03,2510668.40
366,17,"Outlet",,2022-7-28 00:00:00,"12:00",16.80,17.25,1.02,8.05,5.30,0.52,710.00,76.00,3.38,64.70,0.07,,0.27,0.09,0.01,1.5e-03,20.20,1.51,11.00,,,,,,
365,17,"Inlet",,2022-7-28 00:00:00,"11:40",18.10,17.25,1.02,8.42,3.20,0.30,922.00,43.00,3.65,81.60,0.11,,0.61,0.17,0.01,0.03,23.10,2.04,140.00,,,2144.36,5594.99,2904.56,58636792.26
364,16,"Outlet",,2022-7-26 00:00:00,"11:50",17.86,20.62,1.00,7.77,1.90,0.18,480.00,11.00,3.58,41.60,0.32,,0.59,0.37,0.03,3.0e-03,15.90,1.23,13.00,,,,,,
363,16,"Inlet",,2022-7-26 00:00:00,"12:10",19.01,20.62,1.00,8.09,2.50,0.23,334.00,16.00,2.15,29.10,0.02,,0.41,0.05,0.02,0.03,12.90,1.13,240.00,,,5256.91,8649.62,5546.37,87313382.59
362,15,"Outlet",,2022-8-11 00:00:00,"16:10",21.52,28.84,1.02,8.25,4.30,0.38,2209.00,133.00,5.07,203.00,2.0e-03,"<0,004",0.05,0.01,0.01,1.5e-03,17.10,1.06,38.00,,,,,,
361,15,"Inlet",,2022-8-11 00:00:00,"16:05",17.66,28.84,1.02,8.10,6.40,0.62,1876.00,26.00,3.06,177.00,2.0e-03,"<0,004",0.05,7.3e-03,0.02,1.5e-03,11.30,0.90,12.00,,,1350.47,2476.78,1570.59,24601787.14
360,14,"Outlet",,2022-8-1 00:00:00,"12:35",20.62,24.02,1.01,8.66,2.00,0.18,668.00,7.00,2.44,57.10,2.0e-03,"<0,004",0.03,0.02,0.03,1.5e-03,22.90,2.02,7.00,,,,,,
359,14,"Inlet",,2022-8-1 00:00:00,"13:05",18.57,24.02,1.01,8.82,1.60,0.15,620.00,10.00,2.20,55.10,6.0e-03,,0.04,0.01,0.02,1.5e-03,21.50,1.76,1.50,,,970.27,7966.02,366.08,49034523.69
358,6,"Outlet",,2022-7-26 00:00:00,"14:55",17.52,23.59,1.00,8.26,24.30,2.28,638.00,4.00,3.63,51.40,0.01,,0.03,0.02,0.04,0.24,5.20,0.58,1.50,,,,,,
357,6,"Inlet",,2022-7-26 00:00:00,"14:40",13.51,23.59,1.00,8.82,50.20,5.18,611.00,33.00,3.42,53.10,0.03,,0.05,0.03,0.01,2.22,4.90,2.47,7.00,,,363.79,5694.92,127.41,59428587.41
356,5,"Outlet",,2022-8-10 00:00:00,"15:50",14.35,23.84,1.02,7.49,4.90,0.51,707.00,28.00,3.21,54.10,0.03,,0.28,0.07,0.01,1.5e-03,20.10,1.55,30.00,,,,,,
355,5,"Inlet",,2022-8-10 00:00:00,"16:20",18.03,23.84,1.02,8.17,2.30,0.22,632.00,8.00,4.09,55.60,0.10,,0.18,0.14,0.02,1.5e-03,17.50,1.20,8.00,,,1261.54,2346.80,1023.76,138789034.65
354,4,"Outlet",,2022-8-10 00:00:00,"12:20",14.90,22.48,1.02,7.97,2.30,0.23,718.00,6.00,3.67,62.60,0.03,,0.11,0.11,0.01,1.5e-03,9.70,0.63,19.00,,,,,,
353,4,"Inlet",,2022-8-10 00:00:00,"12:35",13.72,22.48,1.02,8.66,6.90,0.74,705.00,6.00,4.16,61.90,0.25,,0.31,0.26,0.01,0.50,7.40,0.98,16.00,,,816.96,3342.81,379.83,103212774.51
352,37,"Outlet",,2022-8-18 00:00:00,"15:15",17.50,22.66,1.01,7.90,22.50,2.20,139.00,6.00,0.60,23.70,2.0e-03,"<0,004",0.01,3.6e-03,0.03,10.10,3.60,10.90,1.50,,,,,,
351,37,"Inlet",,2022-8-18 00:00:00,"14:55",15.72,23.75,1.01,8.04,51.00,5.32,202.00,3.00,0.54,24.00,2.0e-03,"<0,004",0.01,2.6e-03,0.01,10.90,3.10,11.90,1.50,,,194.13,2607.36,45.68,16403056.93
350,36,"Outlet",,2022-8-17 00:00:00,"14:54",23.72,22.55,1.01,7.90,1.20,0.08,69.00,13.00,0.34,10.70,2.0e-03,"<0,004",0.03,0.01,7.0e-03,1.5e-03,10.30,0.65,8.00,,,,,,
349,36,"Inlet",,2022-8-17 00:00:00,"15:05",26.60,21.10,1.01,7.95,1.00,0.07,25.00,13.00,0.36,11.20,2.0e-03,"<0,004",0.04,0.01,0.03,0.21,10.20,0.96,5.00,,,169.12,1598.78,134.42,138182442.95
348,35,"Outlet",,2022-8-17 00:00:00,"14:32",24.44,23.60,1.01,8.15,1.20,0.08,69.00,13.00,0.15,10.70,0.01,,0.16,0.06,0.52,0.02,13.60,1.62,12.00,,,,,,
347,35,"Inlet",,2022-8-17 00:00:00,"14:45",24.85,21.51,1.01,7.18,1.00,1.10,56.00,18.00,0.14,10.70,0.01,,0.11,0.05,0.48,0.02,12.40,1.46,16.00,,,963.20,2834.21,931.29,168916507.73
346,34,"Outlet",,2022-8-17 00:00:00,"14:08",26.89,24.14,1.01,8.30,1.10,0.09,76.00,15.00,0.26,9.90,2.0e-03,"<0,004",0.12,0.02,0.01,3.0e-03,18.30,1.07,18.00,,,,,,
345,34,"Inlet",,2022-8-17 00:00:00,"14:20",27.33,24.96,1.01,8.28,1.00,0.08,86.00,12.00,0.24,9.68,2.0e-03,"<0,004",0.08,0.02,0.01,1.5e-03,16.80,1.00,14.00,,,1023.40,2351.72,1001.17,84353201.10
344,33,"Outlet",,2022-8-17 00:00:00,"13:43",26.60,24.36,1.01,8.07,1.30,0.10,137.00,7.00,0.63,15.40,5.0e-03,,0.05,0.01,0.12,0.73,7.50,1.47,5.00,,,,,,
343,33,"Inlet",,2022-8-17 00:00:00,"13:55",25.08,24.87,1.01,8.10,1.00,0.08,157.00,5.00,0.64,15.60,2.0e-03,"<0,004",0.01,0.01,0.20,0.88,6.90,1.51,4.00,,,90.72,4588.64,119.29,72915284.48
342,32,"Outlet",,2022-8-17 00:00:00,"12:24",22.23,22.64,1.01,8.06,1.00,0.07,131.00,4.00,0.74,15.90,2.0e-03,"<0,004",0.02,4.7e-03,0.08,1.05,5.30,1.41,6.00,,,,,,
341,32,"Inlet",,2022-8-17 00:00:00,"12:38",20.39,22.13,1.01,7.84,0.90,0.09,141.00,4.00,0.68,16.60,2.0e-03,"<0,004",0.05,5.3e-03,0.37,1.67,5.50,2.26,13.00,,,327.89,1337.76,252.63,22531485.67
340,31,"Outlet",,2022-8-17 00:00:00,"11:55",23.16,21.61,1.01,8.21,0.90,0.07,186.00,4.00,0.74,18.30,2.0e-03,"<0,004",0.01,4.5e-03,0.05,3.49,5.40,4.02,4.00,,,,,,
339,31,"Inlet",,2022-8-17 00:00:00,"12:16",22.40,22.07,1.01,8.20,1.00,0.08,230.00,8.00,0.62,21.70,2.0e-03,"<0,004",0.05,5.6e-03,0.05,7.81,5.40,8.78,23.00,,,121.01,4756.80,180.10,88174997.42
338,30,"Outlet",,2022-8-17 00:00:00,"11:28",24.20,25.00,1.00,7.08,1.10,0.09,199.00,6.00,0.89,20.50,2.0e-03,"<0,004",0.03,7.7e-03,0.10,4.21,5.50,4.88,5.00,,,,,,
337,30,"Inlet",,2022-8-17 00:00:00,"11:45",21.53,23.06,1.01,7.64,1.00,0.07,202.00,4.00,0.89,21.40,2.0e-03,"<0,004",0.02,8.7e-03,0.04,4.94,4.30,5.55,4.00,,,209.88,3641.25,425.06,73399644.15
336,29,"Outlet",,2022-8-18 00:00:00,"14:05",23.53,24.10,1.01,7.70,0.70,0.06,450.00,8.00,2.73,37.60,0.01,,0.83,0.03,0.52,0.04,24.00,3.04,510.00,,,,,,
335,29,"Inlet",,2022-8-18 00:00:00,"13:50",19.24,27.00,1.01,7.46,1.00,0.10,460.00,5.00,1.44,35.10,0.02,,0.53,0.03,0.28,9.23,10.80,10.60,95.00,,,4177.49,1979.02,16523.46,81131845.36
334,13,"Outlet",,2022-8-16 00:00:00,"10:00",19.21,22.64,1.00,7.97,4.00,0.36,583.00,7.00,4.44,50.10,0.03,,2.07,0.05,0.33,0.02,11.70,1.23,560.00,,,,,,
333,13,"Inlet",,2022-8-16 00:00:00,"9:47",15.77,22.64,1.00,7.64,14.40,1.21,693.00,8.00,4.42,72.00,1.65,,2.75,1.93,5.62,0.01,92.30,9.96,120.00,,,18840.32,1894.18,50922.47,119509886.39
332,12,"Outlet",,2022-8-16 00:00:00,"15:28",23.50,23.48,1.01,8.33,1.10,0.09,266.00,8.00,1.03,24.40,2.0e-03,"<0,004",0.02,7.3e-03,0.05,2.52,8.90,3.25,7.00,,,,,,
331,12,"Inlet",,2022-8-16 00:00:00,"15:05",22.80,23.48,1.01,7.35,1.00,0.08,259.00,8.00,1.09,24.60,8.0e-03,,0.03,0.01,0.17,1.73,8.70,2.52,4.00,,,80.11,2080.23,43.59,80477557.28
330,10,"Outlet",,2022-8-18 00:00:00,"16:50",23.73,20.73,1.01,8.32,33.20,2.80,350.00,15.00,0.92,30.90,2.0e-03,"<0,004",0.04,7.8e-03,0.05,6.41,10.00,7.43,21.00,,,,,,
329,10,"Inlet",,2022-8-18 00:00:00,"16:35",13.86,22.12,1.01,7.79,44.00,4.35,324.00,4.00,0.43,38.50,2.0e-03,"<0,004",0.11,3.6e-03,0.11,13.90,9.70,15.50,35.00,,,514.48,3586.57,630.64,34996647.34
328,8,"Outlet",,2022-8-19 00:00:00,"10:50",21.60,22.33,1.01,8.77,0.90,0.08,317.00,7.00,1.04,28.20,2.0e-03,"<0,004",0.04,0.01,0.05,4.27,6.50,4.88,4.00,,,,,,
327,8,"Inlet",,2022-8-19 00:00:00,"11:10",18.36,23.90,1.01,8.30,1.90,0.16,319.00,8.00,0.73,28.60,2.0e-03,"<0,004",0.02,6.5e-03,0.19,7.48,6.60,8.51,21.00,,,272.12,1581.58,73.26,70992930.88
326,7,"Outlet",,2022-8-19 00:00:00,"9:50",17.68,20.50,1.01,7.90,0.80,0.08,319.00,4.00,0.63,28.50,4.0e-03,,0.02,7.3e-03,0.05,11.30,4.20,12.10,6.00,,,,,,
325,7,"Inlet",,2022-8-19 00:00:00,"9:39",15.55,21.77,1.01,8.70,1.00,0.10,318.00,4.00,0.45,28.20,2.0e-03,"<0,004",0.03,3.2e-03,0.02,13.70,4.20,15.00,15.00,,,548.30,4152.17,91.21,24453413.87
324,3,"Outlet",,2022-8-16 00:00:00,"13:22",22.24,21.15,1.00,7.90,0.90,0.08,180.00,30.00,1.32,18.00,0.01,,4.62,0.04,0.81,0.02,10.80,1.73,5000.00,,,,,,
323,3,"Inlet",,2022-8-16 00:00:00,"13:50",20.70,21.15,1.00,7.60,1.10,0.10,207.00,15.00,1.06,16.90,0.05,,0.48,0.09,6.0e-03,1.5e-03,9.80,0.66,150.00,,,267.62,4255.47,99.61,164916070.36
322,2,"Outlet",,2022-8-16 00:00:00,"12:57",21.33,22.50,1.00,7.90,3.30,0.28,233.00,9.00,1.37,19.30,0.05,,1.35,0.08,0.86,8.0e-03,11.80,1.77,910.00,,,8533.33,3021.64,1009.70,121115970.03
321,1,"Outlet",,2022-8-16 00:00:00,"11:45",20.78,22.45,1.00,8.15,0.80,0.07,469.00,12.00,2.62,40.80,0.03,,0.17,0.06,0.05,1.5e-03,16.40,1.46,9.00,,,,,,
320,1,"Inlet",,2022-8-16 00:00:00,"11:22",20.83,22.13,1.00,8.63,1.00,0.08,496.00,11.00,2.05,39.40,6.0e-03,,0.11,0.02,0.03,1.5e-03,19.10,1.78,87.00,,,149.26,1438.91,44.56,63608379.93
319,40,"Outlet",,2022-7-13 00:00:00,"13:00",15.49,24.37,1.01,6.86,9.50,0.95,483.00,6.00,2.90,45.20,0.02,,0.13,0.03,0.16,1.05,8.70,1.86,9.00,,,,,,
318,40,"Inlet",,2022-7-13 00:00:00,"13:20",11.74,24.37,1.01,8.08,11.40,1.22,510.00,3.00,2.81,43.10,0.02,,0.46,0.03,0.06,0.43,9.70,1.14,82.00,,,,,,
317,39,"Outlet",,2022-6-20 00:00:00,"14:00",15.09,17.22,1.01,8.18,38.30,3.82,460.00,11.00,2.69,39.90,0.01,,0.07,0.04,0.10,0.65,19.60,1.70,8.00,,,,,,
316,39,"Inlet",,2022-6-20 00:00:00,"13:10",11.39,17.22,1.01,7.86,55.20,5.95,402.00,10.00,3.05,43.80,0.01,,0.05,0.03,0.04,1.82,15.80,2.54,5.00,,,,,,
315,38,"Outlet",,2022-6-8 00:00:00,"12:10",12.28,23.30,1.00,8.28,63.10,6.72,778.00,5.00,5.43,68.50,0.01,,0.04,0.02,0.04,5.37,5.70,5.66,7.00,,,,,,
314,38,"Inlet",,2022-6-8 00:00:00,"11:50",12.83,23.30,1.00,7.97,93.50,9.90,787.00,6.00,5.53,70.20,0.02,,0.04,0.02,0.02,5.34,5.00,5.53,6.00,,,,,,
313,28,"Outlet",,2022-7-13 00:00:00,"15:20",18.73,23.20,1.01,7.46,7.30,0.66,420.00,21.00,2.56,36.00,0.05,,0.42,0.08,0.09,4.0e-03,9.60,0.80,55.00,,,,,,
312,28,"Inlet",,2022-7-13 00:00:00,"15:45",15.42,23.20,1.01,8.04,6.80,0.66,363.00,11.00,2.23,33.60,6.0e-03,,0.12,7.3e-03,0.09,0.12,5.70,0.70,22.00,,,,,,
311,27,"Outlet",,2022-6-22 00:00:00,"12:15",21.60,20.98,1.01,8.41,48.50,4.27,901.00,12.00,2.70,84.00,2.0e-03,"<0,004",0.13,0.01,0.03,0.36,11.40,1.58,65.00,,,,,,
310,27,"Inlet ",,2022-6-22 00:00:00,"11:50",16.33,20.98,1.01,7.77,55.40,5.32,978.00,17.00,2.65,83.20,2.0e-03,"<0,004",0.09,0.01,0.03,0.23,12.00,1.50,65.00,,,,,,
309,26,"Outlet",,2022-7-12 00:00:00,"13:50",14.12,20.52,1.02,7.54,7.80,0.76,297.00,67.00,4.19,64.30,0.07,,0.18,0.08,0.14,0.92,15.80,1.91,38.00,,,,,,
308,26,"Inlet",,2022-7-12 00:00:00,"14:05",12.49,20.52,1.02,8.02,11.30,1.17,721.00,5.00,2.45,32.00,5.0e-03,,0.20,0.04,0.01,4.0e-03,22.30,1.60,36.00,,,,,,
307,25,"Outlet",,2022-7-12 00:00:00,"12:45",18.39,21.85,1.02,7.98,9.80,0.91,218.00,58.00,1.45,24.60,0.35,,0.69,0.48,1.39,6.0e-03,25.90,3.69,16.00,,,,,,
306,25,"Inlet",,2022-7-12 00:00:00,"12:30",13.17,21.85,1.02,7.34,4.30,0.43,148.00,25.00,1.17,24.20,0.40,,0.64,0.48,0.33,1.5e-03,19.30,1.89,20.00,,,,,,
305,24,"Outlet",,2022-7-11 00:00:00,"14:10",16.25,16.93,1.02,8.04,6.80,0.65,1259.00,13.00,3.91,172.00,0.45,,0.60,0.47,0.27,15.80,9.20,17.90,25.00,,,,,,
304,24,"Inlet",,2022-7-11 00:00:00,"13:50",13.66,16.93,1.02,7.90,12.30,1.26,1902.00,5.00,4.19,112.00,0.15,,0.40,0.21,0.06,1.5e-03,16.10,1.29,29.00,,,,,,
303,23,"Outlet",,2022-7-14 00:00:00,"13:10",20.00,15.45,1.00,8.61,16.60,1.65,515.00,33.00,4.49,44.90,0.21,,0.65,0.28,0.04,4.0e-03,19.60,1.82,32.00,,,,,,
302,23,"Inlet",,2022-7-14 00:00:00,"13:20",22.03,15.45,1.00,9.55,14.60,1.21,431.00,35.00,4.59,46.00,0.19,,0.55,0.26,0.03,1.5e-03,18.90,1.53,23.00,,,,,,
301,21,"Outlet",,2022-7-14 00:00:00,"11:15",15.44,19.49,1.00,7.81,6.10,0.60,621.00,17.00,5.30,66.40,0.14,,0.42,0.17,0.04,1.00,13.70,2.04,13.00,,,,,,
300,21,"Inlet",,2022-7-14 00:00:00,"10:55",15.78,19.49,1.00,7.75,11.60,1.16,676.00,51.00,5.07,54.20,0.14,,0.92,0.19,0.02,1.5e-03,16.50,1.30,62.00,,,,,,
299,22,"Outlet",,2022-7-14 00:00:00,"12:30",14.70,20.45,1.01,7.61,6.30,0.64,360.00,5.00,3.22,34.30,0.04,,0.14,0.06,9.0e-03,1.5e-03,8.50,0.56,9.00,,,,,,
298,22,"Inlet",,2022-7-14 00:00:00,"12:00",15.33,20.45,1.01,8.66,17.20,1.72,390.00,4.00,2.99,34.60,0.02,,0.06,0.03,0.03,1.83,5.60,2.16,7.00,,,,,,
297,20,"Outlet",,2022-6-22 00:00:00,"14:55",15.28,20.05,1.01,7.77,36.40,3.78,646.00,6.00,4.01,56.40,7.0e-03,,0.03,0.01,0.05,0.01,8.80,0.64,1.50,,,,,,
296,20,"Inlet ",,2022-6-22 00:00:00,"14:30",18.63,20.05,1.01,8.71,58.10,5.38,665.00,18.00,4.08,55.50,2.0e-03,"<0,004",0.07,0.01,0.03,0.04,10.80,0.84,17.00,,,,,,
295,19,"Inlet",,2022-6-9 00:00:00,"16:20",13.95,21.30,1.01,8.16,91.50,9.40,361.00,9.00,2.35,32.40,0.13,,0.23,0.15,0.04,0.95,19.10,1.97,60.00,,,,,,
294,19,"Outlet",,2022-6-9 00:00:00,"16:55",16.84,21.30,1.01,7.79,8.20,0.78,302.00,13.00,2.29,27.40,0.25,,0.54,0.29,0.15,0.21,21.90,1.39,34.00,,,,,,
293,18,"Outlet",,2022-6-7 00:00:00,"12:30",21.10,18.50,1.01,8.18,11.80,1.12,405.00,14.00,2.80,33.10,2.0e-03,"<0,004",0.04,0.01,0.02,1.5e-03,17.70,0.99,6.00,,,,,,
292,18,"Inlet",,2022-6-7 00:00:00,"12:35",20.77,18.50,1.01,8.74,87.90,7.60,244.00,9.00,3.00,34.30,0.01,,0.03,0.01,0.01,1.5e-03,19.40,1.16,29.00,,,,,,
291,17,"Outlet",,2022-6-21 00:00:00,"13:45",21.56,24.11,1.01,7.65,38.20,3.34,855.00,9.00,2.69,74.90,4.0e-03,,0.12,0.04,0.02,0.01,12.10,1.07,42.00,,,,,,
290,17,"Inlet ",,2022-6-21 00:00:00,"13:00",15.88,24.11,1.01,8.19,48.20,4.75,1048.00,10.00,1.24,104.00,2.0e-03,"<0,004",0.01,2.2e-03,0.02,7.84,3.70,8.24,6.00,,,,,,
289,16,"Outlet",,2022-6-20 00:00:00,"15:55",16.46,18.38,1.01,7.60,13.50,1.31,431.00,199.00,3.02,42.40,0.01,,0.11,0.04,0.06,2.11,12.20,3.21,38.00,,,,,,
288,16,"Inlet",,2022-6-20 00:00:00,"15:15",18.51,18.38,1.01,7.75,35.60,3.31,485.00,8.00,3.42,38.40,0.15,,0.53,0.20,0.12,1.5e-03,17.50,1.34,48.00,,,,,,
287,15,"Outlet",,2022-6-8 00:00:00,"16:15",18.95,21.30,1.00,7.76,38.40,3.52,2036.00,62.00,4.14,188.00,2.0e-03,"<0,004",0.16,0.01,0.01,4.0e-03,14.00,1.26,58.00,,,,,,
286,15,"Inlet",,2022-6-8 00:00:00,"15:40",19.76,21.30,1.00,7.27,41.50,3.90,1760.00,5.00,2.52,166.00,2.0e-03,"<0,004",0.01,6.0e-03,0.01,1.5e-03,7.10,0.57,1.50,,,,,,
285,14,"Outlet",,2022-6-13 00:00:00,"12:35",20.40,16.97,1.01,7.59,5.70,0.51,473.00,7.00,1.01,41.70,2.0e-03,"<0,004",0.02,0.02,0.04,1.5e-03,18.80,1.58,4.00,,,,,,
284,14,"Inlet",,2022-6-13 00:00:00,"12:00",18.75,16.97,1.01,7.38,5.50,0.51,522.00,14.00,1.31,45.30,2.0e-03,"<0,004",0.05,0.01,0.04,1.5e-03,21.20,1.68,28.00,,,,,,
283,6,"Outlet",,2022-6-13 00:00:00,"16:15",15.80,21.37,1.01,8.38,63.10,6.38,583.00,5.00,2.91,54.20,2.0e-03,"<0,004",0.03,6.3e-03,0.03,1.80,6.20,2.18,7.00,,,,,,
282,6,"Inlet",,2022-6-13 00:00:00,"15:50",10.80,21.37,1.01,8.06,7.40,0.82,607.00,3.00,2.95,52.10,0.01,,0.03,0.01,0.01,2.83,4.90,3.12,3.00,,,,,,
281,5,"Outlet",,2022-6-9 00:00:00,"13:35",13.71,23.35,1.01,7.30,7.20,0.74,1088.00,142.00,4.00,57.70,0.05,,0.13,0.07,0.04,1.16,13.40,2.01,19.00,,,,,,
280,5,"Inlet",,2022-6-9 00:00:00,"12:55",17.26,23.35,1.01,8.28,84.50,8.10,647.00,18.00,3.64,54.10,0.03,,0.25,0.07,0.01,1.5e-03,15.10,0.97,16.00,,,,,,
279,4,"Outlet",,2022-6-9 00:00:00,"10:30",14.49,17.10,1.01,7.96,29.70,2.83,765.00,6.00,3.20,63.10,0.02,,0.15,0.04,0.02,4.0e-03,8.50,0.50,13.00,,,,,,
278,4,"Inlet",,2022-6-9 00:00:00,"9:50",9.30,17.10,1.01,8.15,66.40,7.34,697.00,12.00,3.38,59.20,7.0e-03,,0.14,0.03,0.04,0.09,6.40,0.67,25.00,,,,,,
277,37,"Outlet",,2022-6-30 00:00:00,"14:50",21.44,26.76,1.01,7.85,23.30,2.16,273.00,8.00,0.52,23.60,2.0e-03,"<0,004",0.01,2.7e-03,0.01,11.00,3.50,12.40,1.50,,,,,,
276,37,"Inlet",,2022-6-30 00:00:00,"14:40",15.22,26.76,1.01,7.27,11.50,1.16,263.00,3.00,0.99,25.00,5.0e-03,,0.05,0.01,0.46,7.67,7.90,9.39,6.00,,,,,,
275,36,"Outlet",,2022-6-28 00:00:00,"20:10",25.09,20.43,1.01,7.63,24.90,1.99,124.00,10.00,0.34,10.80,0.03,,0.13,0.04,0.20,8.0e-03,10.70,1.27,11.00,,,,,,
274,36,"Inlet ",,2022-6-28 00:00:00,"20:20",24.17,20.43,1.01,7.17,24.70,1.89,122.00,9.00,0.31,10.80,2.0e-03,"<0,004",0.02,0.01,0.06,0.35,9.20,0.96,1.50,,,,,,
273,35,"Outlet",,2022-6-28 00:00:00,"19:45",25.30,21.49,1.02,7.77,25.90,1.91,103.00,36.00,0.17,9.91,2.0e-03,"<0,004",0.04,0.01,0.04,1.5e-03,9.20,0.63,1.50,,,,,,
272,35,"Inlet",,2022-6-28 00:00:00,"20:10",25.46,20.43,1.01,7.52,24.50,2.03,113.00,8.00,0.17,9.85,2.0e-03,"<0,004",0.05,0.01,8.0e-03,1.5e-03,9.70,0.61,4.00,,,,,,
271,34,"Outlet",,2022-6-28 00:00:00,"19:10",25.76,21.49,1.02,7.64,36.50,2.79,61.00,16.00,0.29,9.90,2.0e-03,"<0,004",0.04,0.01,0.02,1.5e-03,13.80,0.79,1.50,,,,,,
270,34,"Inlet",,2022-6-28 00:00:00,"19:40",25.66,21.49,1.02,7.43,22.80,1.59,111.00,14.00,0.25,10.40,2.0e-03,"<0,004",0.04,0.01,7.0e-03,1.5e-03,19.80,1.09,13.00,,,,,,
269,33,"Outlet",,2022-6-28 00:00:00,"18:20",25.47,21.49,1.02,7.92,21.70,1.87,118.00,4.00,0.67,15.50,2.0e-03,"<0,004",0.04,0.01,0.59,0.81,9.20,2.07,5.00,,,,,,
268,33,"Inlet",,2022-6-28 00:00:00,"18:55",24.67,21.49,1.02,7.44,27.50,2.29,174.00,5.00,0.67,15.20,2.0e-03,"<0,004",0.03,0.01,0.15,0.48,10.00,1.41,3.00,,,,,,
267,32,"Outlet",,2022-6-28 00:00:00,"17:50",21.64,21.49,1.02,7.46,27.20,2.40,171.00,3.00,0.70,15.90,2.0e-03,"<0,004",0.01,4.7e-03,0.14,1.54,6.40,2.09,4.00,,,,,,
266,32,"Inlet",,2022-6-28 00:00:00,"18:10",15.95,21.49,1.02,6.74,16.90,1.58,128.00,6.00,0.38,12.40,2.0e-03,"<0,004",0.01,4.1e-03,0.10,1.29,6.90,1.83,8.00,,,,,,
265,31,"Outlet",,2022-6-28 00:00:00,"16:50",24.91,21.49,1.02,7.78,27.80,2.26,189.00,3.00,0.68,18.60,2.0e-03,"<0,004",0.01,4.7e-03,0.03,4.50,6.80,5.10,6.00,,,,,,
264,31,"Inlet",,2022-6-28 00:00:00,"17:40",23.91,21.49,1.02,7.50,20.50,1.81,137.00,3.00,0.71,18.30,2.0e-03,"<0,004",0.01,4.8e-03,0.05,4.05,7.20,4.64,1.50,,,,,,
263,30,"Outlet",,2022-6-28 00:00:00,"16:10",25.04,21.49,1.02,6.56,22.50,1.88,188.00,7.00,0.78,20.70,2.0e-03,"<0,004",0.02,6.3e-03,0.07,5.66,5.10,6.34,1.50,,,,,,
262,30,"Inlet",,2022-6-28 00:00:00,"16:40",26.98,21.49,1.02,7.08,26.50,2.07,232.00,6.00,0.74,20.70,2.0e-03,"<0,004",0.02,5.8e-03,0.04,5.97,5.50,6.58,4.00,,,,,,
261,29,"Outlet",,2022-6-30 00:00:00,"16:15",20.81,26.48,1.01,7.83,10.20,0.89,484.00,11.00,2.52,35.90,0.02,,0.19,0.04,0.39,0.84,9.80,2.08,14.00,,,,,,
260,29,"Inlet",,2022-6-30 00:00:00,"15:50",11.57,26.48,1.01,7.90,17.20,1.63,403.00,4.00,1.50,38.40,0.03,,0.13,0.05,0.61,11.80,4.90,14.10,29.00,,,,,,
259,13,"Outlet",,2022-6-27 00:00:00,"17:00",22.22,29.90,1.01,7.56,7.80,0.74,595.00,6.00,4.33,49.70,0.01,,0.10,0.03,0.06,3.0e-03,11.90,1.02,8.00,,,,,,
258,13,"Inlet ",,2022-6-27 00:00:00,"16:30",19.89,29.90,1.01,7.68,26.10,2.32,651.00,12.00,4.39,58.60,0.11,,0.35,0.14,0.21,0.22,11.40,1.56,7.00,,,,,,
257,12,"Outlet",,2022-6-27 00:00:00,"14:00",23.27,27.15,1.01,7.91,25.70,2.24,245.00,5.00,1.04,24.70,2.0e-03,"<0,004",0.03,9.4e-03,0.19,3.12,11.50,4.02,3.00,,,,,,
256,12,"Inlet",,2022-6-27 00:00:00,"13:30",24.80,27.15,1.01,6.64,24.30,2.05,235.00,9.00,0.90,25.70,2.0e-03,"<0,004",0.02,6.9e-03,0.15,5.33,10.00,6.09,5.00,,,,,,
255,11,"Outlet",,2022-6-30 00:00:00,"13:20",23.67,22.88,1.01,8.30,25.90,2.21,297.00,7.00,0.26,28.10,2.0e-03,"<0,004",0.01,2.4e-03,0.03,12.60,3.80,14.20,1.50,,,,,,
254,11,"Inlet",,2022-6-30 00:00:00,"13:00",11.18,22.88,1.01,6.92,14.20,1.76,318.00,2.00,0.69,26.70,2.0e-03,"<0,004",0.02,7.9e-03,0.10,6.67,6.50,7.88,5.00,,,,,,
253,10,"Outlet",,2022-6-30 00:00:00,"12:00",23.63,23.37,1.01,7.79,26.60,2.25,294.00,6.00,0.75,28.60,2.0e-03,"<0,004",0.01,5.0e-03,0.08,6.92,7.90,8.09,6.00,,,,,,
252,10,"Inlet",,2022-6-30 00:00:00,"11:50",12.06,23.37,1.01,6.98,20.60,2.20,257.00,3.00,0.42,29.70,2.0e-03,"<0,004",0.01,6.6e-03,0.24,11.70,5.60,13.40,4.00,,,,,,
251,9,"Outlet",,2022-6-29 00:00:00,"13:30",22.04,23.50,1.02,8.33,20.50,1.79,308.00,5.00,0.52,27.90,2.0e-03,"<0,004",0.03,4.3e-03,0.06,9.45,6.00,10.20,6.00,,,,,,
250,9,"Inlet",,2022-6-29 00:00:00,"13:45",16.50,23.50,1.02,7.53,25.60,2.67,318.00,13.00,0.70,27.10,2.0e-03,"<0,004",0.03,0.01,0.08,6.51,8.00,7.32,7.00,,,,,,
249,8,"Outlet",,2022-6-29 00:00:00,"12:30",22.05,23.50,1.02,7.18,17.50,1.57,305.00,8.00,0.86,26.90,2.0e-03,"<0,004",0.02,7.3e-03,0.05,5.00,9.10,5.63,5.00,,,,,,
248,8,"Inlet",,2022-6-29 00:00:00,"12:45",20.03,23.50,1.02,7.97,26.60,2.42,265.00,10.00,0.62,27.40,2.0e-03,"<0,004",0.03,6.3e-03,0.10,7.89,7.30,8.58,5.00,,,,,,
247,7,"Outlet",,2022-6-30 00:00:00,"10:45",17.12,21.66,1.01,7.23,12.00,1.18,287.00,6.00,0.49,28.30,2.0e-03,"<0,004",0.01,4.3e-03,0.03,13.20,4.80,15.00,24.00,,,,,,
246,7,"Inlet",,2022-6-30 00:00:00,"10:20",17.16,21.66,1.01,7.42,22.20,2.22,321.00,9.00,0.62,27.70,2.0e-03,"<0,004",0.05,5.5e-03,0.04,11.40,5.20,12.90,1.50,,,,,,
245,3,"Outlet ",,2022-6-29 00:00:00,"18:09",25.24,24.14,1.02,7.91,18.10,1.92,199.00,8.00,0.74,22.90,0.07,,0.09,0.08,0.02,3.35,3.40,3.88,1.50,,,,,,
244,3,"Inlet",,2022-6-29 00:00:00,"17:45",11.27,24.14,1.02,8.30,20.60,2.20,204.00,7.00,1.12,18.90,0.06,,0.21,0.11,0.09,1.5e-03,12.40,1.07,9.00,,,,,,
243,2,"Outlet ",,2022-6-29 00:00:00,"18:35",24.16,24.14,1.02,7.83,13.60,1.13,274.00,8.00,1.62,26.70,0.03,,1.53,0.07,0.06,1.5e-03,13.70,1.05,9.00,,,,,,
242,2,"Inlet ",,2022-6-29 00:00:00,"18:15",16.95,24.14,1.02,7.53,9.90,0.95,317.00,25.00,,,,,,,,,,,,,,,,,
241,1,"Outlet",,2022-6-27 00:00:00,"20:20",24.69,21.09,1.01,9.44,27.60,2.59,396.00,8.00,1.57,37.00,2.0e-03,"<0,004",0.04,0.01,0.01,1.5e-03,12.90,1.06,1.50,,,,,,
240,1,"Inlet",,2022-6-27 00:00:00,"20:00",24.18,21.09,1.01,7.75,22.70,1.88,479.00,8.00,2.33,41.40,0.13,,0.25,0.18,0.24,1.5e-03,16.70,1.69,14.00,,,,,,
239,40,"Outlet","V",2022-2-7 00:00:00,,0.57,-1.00,0.98,7.13,78.30,11.12,165.00,8.00,0.79,14.70,0.37,,0.49,0.39,0.18,1.76,13.60,2.65,37.00,,,814.05,,,
238,40,"Inlet","U",2022-2-7 00:00:00,,2.66,-1.00,0.98,8.09,91.10,12.20,225.00,8.00,0.94,19.20,0.07,,0.17,0.08,0.04,2.91,14.10,3.56,21.00,8.6395661167e-03,2.29,,,,
237,39,"Outlet","V",2022-2-10 00:00:00,,0.51,3.00,0.98,7.53,70.30,9.98,175.00,7.00,1.81,27.10,0.01,,0.08,0.02,0.06,1.03,18.20,1.67,46.00,,,4195.87,,,
236,39,"Inlet","U",2022-2-10 00:00:00,,1.72,3.00,0.98,8.24,95.50,13.10,175.00,9.00,0.87,16.10,0.16,,0.34,0.20,1.11,0.79,20.80,3.53,71.00,3.9308462132e-03,4.28,985.88,,,
235,38,"Outlet","V",2022-2-8 00:00:00,,0.44,0.00,0.98,8.21,96.10,13.67,348.00,5.00,4.45,60.40,0.06,,0.09,0.07,0.31,2.95,7.20,3.30,13.00,,,382.00,,,
234,38,"Inlet","U",2022-2-8 00:00:00,,0.05,0.00,0.97,8.15,101.70,14.50,363.00,4.00,4.06,58.00,0.05,,0.08,0.06,0.24,2.89,8.40,3.30,23.00,4.8208045905e-03,4.70,243.41,,,
233,28,"Outlet","V",2022-2-7 00:00:00,,1.06,-1.00,0.98,7.02,71.70,10.01,202.00,7.00,1.48,35.10,0.05,,0.09,0.05,0.21,1.81,5.60,2.17,20.00,,,1081.94,,,
232,28,"Inlet","U",2022-2-7 00:00:00,,2.45,-1.00,0.98,7.32,89.00,11.93,393.00,3.00,0.80,18.50,0.08,,0.20,0.11,0.07,1.11,9.90,1.81,54.00,0.02,4.69,1504.16,,,
231,27,"Outlet","V",2022-2-11 00:00:00,,1.70,2.00,1.00,7.55,99.10,13.80,557.00,7.00,1.23,79.90,2.0e-03,"<0,004",0.02,4.7e-03,0.19,3.64,7.10,4.10,13.00,,,153.01,,,
230,27,"Inlet","U",2022-2-11 00:00:00,,0.17,2.00,1.00,7.27,58.30,8.47,528.00,3.00,1.26,84.80,2.0e-03,"<0,004",0.01,2.7e-03,0.12,4.08,6.20,4.49,5.00,6.9794091643e-03,70.26,104.66,,,
229,26,"Outlet","V",2022-2-9 00:00:00,,0.31,0.00,0.98,7.05,31.60,4.50,133.00,9.00,1.08,22.70,0.02,,0.07,0.03,0.10,0.38,15.60,1.07,14.00,,,448.88,,,
228,26,"Inlet","U",2022-2-9 00:00:00,,1.93,-1.00,0.98,6.68,74.70,10.16,152.00,3.00,1.21,24.10,0.01,,0.03,0.01,0.01,0.91,15.00,1.37,18.00,2.4307031406e-03,14.31,593.30,,,
227,25,"Outlet","V",2022-2-9 00:00:00,,1.20,-1.00,0.98,6.65,7.70,1.06,124.00,21.00,,33.10,1.27,,2.89,1.52,0.02,2.19,1210.00,11.90,420.00,,,433.21,,,
226,25,"Inlet","U",2022-2-9 00:00:00,,2.68,-1.00,0.98,5.22,79.10,10.53,209.00,32.00,0.51,18.20,9.0e-03,,0.10,0.02,7.0e-03,1.02,20.40,1.85,18.00,0.06,27.53,1120.11,,,
225,24,"Outlet","V",2022-2-9 00:00:00,,1.16,-1.00,0.98,7.76,63.20,8.79,460.00,6.00,2.10,60.00,0.16,,0.31,0.17,0.72,0.99,12.60,2.33,23.00,,,506.94,,,
224,24,"Inlet","U",2022-2-9 00:00:00,,0.85,-1.00,0.98,7.85,96.10,13.48,157.00,6.00,1.15,26.80,0.77,,1.20,0.75,0.97,0.66,31.00,4.57,320.00,0.01,9.56,805.78,,,
223,23,"Outlet","V",2022-2-11 00:00:00,,0.07,3.00,1.00,7.66,69.80,10.14,178.00,15.00,2.27,30.50,0.14,,0.43,0.17,2.97,0.58,20.60,5.11,270.00,,,558.88,,,
222,23,"Inlet","U",2022-2-11 00:00:00,,0.07,3.00,0.99,8.03,65.40,9.51,196.00,5.00,2.69,33.30,0.22,,0.54,0.25,4.17,0.22,24.10,6.52,89.00,0.05,1.50,760.59,,,
221,21,"Outlet","V",2022-2-11 00:00:00,,0.10,3.00,0.99,7.98,76.20,11.04,239.00,7.00,1.74,21.90,0.05,,0.10,0.05,0.01,1.02,10.00,1.36,26.00,,,635.02,,,
220,21,"Inlet","U",2022-2-11 00:00:00,,0.07,3.00,0.99,7.90,75.80,11.00,299.00,2.00,1.57,20.20,0.07,,0.17,0.08,0.02,0.97,10.90,1.44,41.00,2.0168058331e-03,3.28,956.23,,,
219,22,"Outlet","V",2022-2-11 00:00:00,,1.90,3.00,0.99,7.97,65.00,8.96,224.00,5.00,2.01,26.50,0.12,,0.25,0.13,0.05,0.79,15.90,1.47,59.00,,,528.53,,,
218,22,"Inlet","U",2022-2-11 00:00:00,,2.11,3.00,0.99,7.92,88.80,12.18,235.00,3.00,2.11,27.20,0.12,,0.26,0.15,0.09,0.79,15.50,1.54,55.00,9.3921774805e-03,1.26,479.82,,,
217,20,"Outlet","V",2022-2-10 00:00:00,,0.17,3.00,0.98,7.95,94.50,13.56,263.00,6.00,2.90,54.10,0.01,,0.07,0.02,0.06,0.74,7.10,1.10,50.00,,,814.07,,,
216,20,"Inlet","U",2022-2-10 00:00:00,,0.73,3.00,0.98,7.91,88.40,12.47,308.00,19.00,2.51,47.30,0.03,,0.09,0.03,0.04,0.93,7.60,1.28,56.00,0.01,1.21,1418.23,,,
215,19,"Outlet","V",2022-2-7 00:00:00,,0.01,-1.00,0.97,7.41,82.10,11.73,162.00,7.00,0.90,14.70,0.10,,0.34,0.14,0.06,1.01,19.00,2.16,150.00,,,2026.91,,,
214,19,"Inlet","U",2022-2-7 00:00:00,,0.09,-1.00,0.97,7.77,93.60,13.39,222.00,6.00,1.15,19.50,0.06,,0.17,0.08,0.02,1.23,18.70,2.04,70.00,0.03,3.33,1698.16,,,
213,18,"Outlet","V",2022-2-11 00:00:00,,1.08,2.00,0.99,7.89,63.00,8.91,249.00,15.00,3.27,41.40,6.0e-03,,0.04,0.01,5.0e-03,1.47,14.20,1.90,12.00,,,1078.22,,,
212,18,"Inlet","U",2022-2-11 00:00:00,,0.18,2.00,0.99,7.93,42.10,6.10,246.00,8.00,3.15,41.00,0.01,,0.05,0.01,0.01,1.50,13.60,1.94,10.00,0.05,5.98,1531.91,,,
211,17,"Outlet","V",2022-2-11 00:00:00,,0.64,3.00,1.00,7.33,86.80,12.47,395.00,3.00,1.45,97.30,2.0e-03,"<0,004",0.01,2.1e-03,0.02,5.28,7.20,5.55,21.00,,,1518.26,,,
210,17,"Inlet","U",2022-2-11 00:00:00,,2.75,2.00,1.00,7.13,70.90,9.65,656.00,2.00,1.50,74.10,2.0e-03,"<0,004",0.04,6.6e-03,0.04,2.70,7.20,3.07,25.00,7.4212965038e-03,91.02,732.84,,,
209,16,"Outlet","V",2022-2-10 00:00:00,,0.73,3.00,0.98,7.83,82.80,11.69,119.00,6.00,0.81,13.70,0.11,,0.48,0.14,0.12,1.12,18.10,2.59,170.00,,,2250.26,,,
208,16,"Inlet","U",2022-2-10 00:00:00,,1.25,3.00,0.98,7.94,94.90,13.20,317.00,6.00,1.95,29.90,0.23,,0.42,0.25,0.11,2.61,24.40,3.95,200.00,3.1917691341e-03,4.36,2510.88,,,
207,15,"Outlet","V",2022-2-9 00:00:00,,0.05,-1.00,0.98,6.55,50.70,7.25,289.00,4.00,0.14,8.32,0.12,,0.17,0.13,0.41,0.20,6.80,1.37,6.00,,,6469.40,,,
206,15,"Inlet","U",2022-2-9 00:00:00,,5.02,-1.00,0.98,5.77,106.90,13.27,0.00,4.00,0.63,52.20,5.0e-03,,0.23,0.01,0.22,0.17,12.80,1.49,110.00,0.02,3.13,13630.30,,,
205,14,"Outlet","V",2022-2-10 00:00:00,,2.46,3.00,0.98,8.58,90.40,12.14,359.00,4.00,4.05,106.00,0.01,,0.90,0.01,0.02,17.00,164.00,24.60,3500.00,,,396.86,,,
204,14,"Inlet","U",2022-2-10 00:00:00,,3.11,3.00,0.98,7.09,52.40,6.90,615.00,3.00,5.21,88.10,2.0e-03,"<0,004",0.05,0.01,0.05,1.03,19.60,2.53,6.00,0.01,35.04,639.30,,,
203,6,"Outlet","V",2022-2-10 00:00:00,,0.95,3.00,0.98,7.78,95.30,13.38,188.00,9.00,2.44,53.70,0.02,,0.06,0.02,0.01,1.66,7.90,1.94,17.00,,,1522.12,,,
202,6,"Inlet","U",2022-2-10 00:00:00,,2.23,3.00,0.98,7.92,99.20,13.40,293.00,17.00,1.31,33.50,0.05,,0.17,0.06,0.09,1.30,10.40,1.94,66.00,2.1044070231e-03,37.27,822.08,,,
201,5,"Outlet","V",2022-2-7 00:00:00,,0.09,-1.00,0.97,7.50,78.10,10.93,280.00,5.00,1.23,25.30,0.05,,0.16,0.07,0.03,2.34,16.80,3.16,74.00,,,636.59,,,
200,5,"Inlet","U",2022-2-7 00:00:00,,0.31,-1.00,0.97,7.75,89.80,12.71,311.00,9.00,1.57,29.10,0.04,,0.11,0.05,0.02,2.38,18.80,3.11,47.00,0.01,5.35,,,,
199,4,"Outlet","V",2022-2-8 00:00:00,,-0.05,0.00,0.98,7.85,67.70,9.71,247.00,7.00,2.88,45.10,0.09,,0.15,0.10,0.02,1.09,8.90,1.50,32.00,,,513.61,,,
198,4,"Inlet","U",2022-2-8 00:00:00,,2.42,0.00,0.98,8.31,97.20,13.00,283.00,4.00,1.94,49.00,0.15,,0.23,0.17,0.04,1.03,10.00,1.47,26.00,0.02,1.63,451.09,,,
197,37,"Outlet","V",2022-2-1 00:00:00,,3.48,0.00,0.97,6.70,102.80,13.22,257.00,11.00,0.42,23.60,2.0e-03,"<0,004",7.3e-03,2.6e-03,0.01,11.30,4.30,11.90,1.50,,,117.55,,,
196,37,"Inlet","U",2022-2-1 00:00:00,,4.28,0.00,0.97,6.66,90.90,11.46,260.00,11.00,0.47,24.00,2.0e-03,"<0,004",9.3e-03,2.7e-03,0.01,11.50,4.20,12.20,1.50,7.2466190501e-03,8.24,292.99,,,
195,36,"Outlet","V",2022-2-2 00:00:00,,0.84,-1.00,0.98,7.30,96.30,13.61,110.00,1.00,0.17,11.70,2.0e-03,"<0,004",0.04,6.7e-03,0.02,2.60,14.60,3.03,10.00,,,230.24,,,
194,36,"Inlet","U",2022-2-2 00:00:00,,0.77,-1.00,0.98,7.26,115.20,16.09,85.00,5.00,0.19,9.78,6.0e-03,,0.38,0.02,0.04,1.28,39.70,6.18,180.00,1.6732441188e-03,1.15,296.32,,,
193,35,"Outlet",,2022-2-2 00:00:00,,1.65,-1.00,0.99,7.60,102.80,13.82,112.00,10.00,0.20,10.10,2.0e-03,"<0,004",0.03,7.1e-03,8.0e-03,1.23,7.00,1.62,14.00,,,,,,
192,35,"Inlet",,2022-2-2 00:00:00,,0.80,-1.00,0.98,7.13,99.30,14.13,109.00,12.00,0.18,9.84,2.0e-03,"<0,004",0.06,8.5e-03,8.0e-03,1.21,8.40,1.70,13.00,1.2196976433e-03,0.60,,,,
191,34,"Outlet",,2022-2-2 00:00:00,,1.84,-1.00,0.98,7.65,102.50,14.11,103.00,25.00,0.19,10.00,2.0e-03,"<0,004",0.01,6.7e-03,9.0e-03,1.23,6.40,1.55,1.50,,,,,,
190,34,"Inlet",,2022-2-2 00:00:00,,1.63,-1.00,0.98,7.41,107.70,14.85,107.00,11.00,0.24,9.33,2.0e-03,"<0,004",0.06,0.01,0.02,0.55,8.80,1.12,40.00,6.2231772488e-03,0.43,,,,
189,33,"Outlet",,2022-2-2 00:00:00,,2.17,-1.00,0.98,7.19,80.00,10.82,131.00,12.00,0.28,11.70,2.0e-03,"<0,004",0.02,4.7e-03,7.0e-03,2.62,4.90,3.06,4.00,,,,,,
188,33,"Inlet",,2022-2-2 00:00:00,,1.31,-1.00,0.98,7.38,98.50,13.77,103.00,13.00,0.24,9.31,2.0e-03,"<0,004",0.02,9.0e-03,9.0e-03,0.56,7.10,0.93,1.50,0.01,2.29,,,,
187,32,"Outlet",,2022-2-2 00:00:00,,3.91,-1.00,0.98,6.93,75.20,9.53,137.00,4.00,0.34,13.90,2.0e-03,"<0,004",0.01,2.7e-03,0.06,3.86,3.90,4.21,4.00,,,,,,
186,32,"Inlet",,2022-2-2 00:00:00,,5.43,-1.00,0.98,6.74,33.40,4.12,155.00,4.00,0.32,11.60,2.0e-03,"<0,004",0.01,3.3e-03,0.03,2.71,4.00,3.02,3.00,0.01,1.66,,,,
185,31,"Outlet",,2022-2-2 00:00:00,,0.83,-1.00,0.98,7.54,83.60,11.60,193.00,6.00,0.37,17.20,2.0e-03,"<0,004",0.02,2.6e-03,0.01,7.02,4.20,7.66,15.00,,,,,,
184,31,"Inlet",,2022-2-2 00:00:00,,3.32,-1.00,0.98,6.39,77.60,10.28,136.00,5.00,0.35,12.50,2.0e-03,"<0,004",0.02,3.2e-03,0.05,2.85,3.80,3.20,1.50,4.9774450555e-03,6.58,,,,
183,30,"Outlet","V",2022-2-2 00:00:00,,2.19,-1.00,0.98,7.56,99.50,13.56,213.00,7.00,0.40,18.80,2.0e-03,"<0,004",0.01,3.8e-03,0.01,8.45,3.60,9.03,6.00,,,489.83,,,
182,30,"Inlet","U",2022-2-2 00:00:00,,2.83,-1.00,0.98,7.19,89.50,11.84,215.00,11.00,0.42,18.50,2.0e-03,"<0,004",0.01,2.5e-03,4.0e-03,8.18,2.80,8.70,1.50,3.7831608483e-03,3.30,426.45,,,
181,29,"Outlet","V",2022-2-1 00:00:00,,2.85,0.00,0.98,7.00,73.50,9.56,402.00,7.00,1.85,41.90,0.02,,0.15,0.03,0.37,9.34,6.60,10.40,26.00,,,3648.62,,,
180,29,"Inlet","U",2022-2-1 00:00:00,,4.89,0.00,0.98,7.30,118.20,14.76,396.00,5.00,1.67,36.80,0.03,,0.23,0.07,0.50,9.84,11.00,11.40,51.00,0.10,5.06,2656.53,,,
179,13,"Outlet","V",2022-1-31 00:00:00,,3.90,-3.00,0.99,7.66,96.10,12.66,474.00,5.00,2.30,42.70,0.03,,0.09,0.03,0.05,10.30,5.60,10.80,29.00,,,403.49,,,
178,13,"Inlet","U",2022-1-31 00:00:00,,3.92,-3.00,0.99,7.81,96.80,12.58,289.00,6.00,2.19,41.60,0.03,,0.10,0.03,0.05,10.30,6.00,10.90,27.00,4.5375910721e-03,4.14,648.35,,,
177,12,"Outlet","V",2022-1-31 00:00:00,,3.00,-3.00,0.98,6.71,80.00,10.20,245.00,5.00,0.44,25.90,2.0e-03,"<0,004",8.1e-03,3.8e-03,0.05,11.10,5.70,11.30,7.00,,,696.78,,,
176,12,"Inlet","U",2022-1-31 00:00:00,,3.29,-3.00,0.98,6.58,59.00,7.78,254.00,10.00,0.44,26.00,2.0e-03,"<0,004",0.04,6.0e-03,0.08,11.10,8.20,11.80,11.00,3.4810148403e-03,15.18,94.92,,,
175,11,"Outlet","V",2022-2-3 00:00:00,,2.78,3.00,0.98,7.60,100.40,13.47,297.00,14.00,0.31,26.10,2.0e-03,"<0,004",0.02,3.0e-03,8.0e-03,11.10,3.30,11.60,1.50,,,973.33,,,
174,11,"Inlet","U",2022-2-3 00:00:00,,6.79,3.00,0.98,6.60,63.00,7.50,273.00,8.00,0.24,22.10,8.0e-03,,0.08,0.01,0.10,10.10,4.10,10.90,7.00,3.3841436458e-03,7.09,318.41,,,
173,10,"Outlet","V",2022-2-3 00:00:00,,4.44,3.00,0.99,6.65,81.20,10.44,334.00,4.00,0.34,29.80,4.0e-03,,0.01,5.7e-03,0.11,12.20,6.30,13.20,1.50,,,569.87,,,
172,10,"Inlet","U",2022-2-3 00:00:00,,5.10,3.00,0.99,6.52,77.40,9.77,338.00,5.00,0.36,29.00,2.0e-03,"<0,004",0.01,4.5e-03,0.11,11.80,6.10,12.80,1.50,0.04,10.40,319.59,,,
171,9,"Outlet","V",2022-2-3 00:00:00,,3.78,3.00,0.99,6.82,89.80,12.48,321.00,5.00,0.39,28.90,2.0e-03,"<0,004",0.01,4.7e-03,0.07,11.50,5.70,12.40,37.00,,,1723.55,,,
170,9,"Inlet","U",2022-2-3 00:00:00,,4.52,3.00,0.99,6.74,87.00,11.14,328.00,4.00,0.36,29.10,2.0e-03,"<0,004",0.01,4.8e-03,0.08,12.20,5.50,13.10,1.50,6.5180146467e-03,5.14,312.98,,,
169,8,"Outlet","V",2022-2-3 00:00:00,,2.82,3.00,0.99,6.99,85.00,11.40,320.00,4.00,0.39,28.80,5.0e-03,,0.01,7.3e-03,0.14,11.60,5.70,12.80,1.50,,,259.60,,,
168,8,"Inlet","U",2022-2-3 00:00:00,,3.46,3.00,0.99,7.01,91.90,12.20,323.00,4.00,0.39,28.90,2.0e-03,"<0,004",0.01,6.3e-03,0.09,11.50,5.60,12.50,1.50,0.01,5.57,162.35,,,
167,7,"Outlet","V",2022-1-31 00:00:00,,3.15,2.00,0.99,7.37,84.80,11.25,330.00,5.00,0.50,29.80,2.0e-03,"<0,004",0.03,3.6e-03,0.03,15.10,4.80,15.40,10.00,,,306.41,,,
166,7,"Inlet","U",2022-2-1 00:00:00,,3.92,2.00,0.99,7.33,94.00,12.25,340.00,7.00,0.46,29.70,2.0e-03,"<0,004",0.70,4.8e-03,0.02,15.20,10.80,17.70,380.00,3.3311140537e-03,3.60,1215.19,,,
165,3,"Outlet","V",2022-2-1 00:00:00,,2.48,-0.50,0.96,6.55,84.10,11.16,202.00,6.00,0.47,19.00,0.06,,0.45,0.07,0.01,3.46,54.90,8.44,910.00,,,1197.30,,,
164,3,"Inlet","U",2022-2-1 00:00:00,,4.36,-0.50,0.96,7.58,89.90,11.29,203.00,5.00,0.37,20.90,0.06,,0.08,0.07,0.02,3.31,8.50,3.86,44.00,0.01,1.52,1237.13,,,
163,2,"Outlet","-",2022-2-1 00:00:00,,0.74,-0.50,0.96,6.91,46.70,6.43,135.00,7.00,0.47,16.70,0.03,,1.11,0.05,,2.38,31.20,5.10,570.00,0.01,1.73,,,,
162,1,"Outlet","V",2022-2-3 00:00:00,,2.56,3.00,0.98,7.77,86.80,11.66,625.00,6.00,1.04,31.80,0.04,,0.23,0.05,0.02,6.15,11.40,7.24,120.00,,,1031.29,,,
161,1,"Inlet","U",2022-2-3 00:00:00,,3.66,3.00,0.98,7.25,90.30,11.79,350.00,5.00,1.53,54.90,0.02,,0.08,0.03,0.04,11.20,7.90,12.20,24.00,6.2975947035e-04,4.30,750.06,,,
160,40,"Outlet",,2021-11-24 00:00:00,"13:05",5.55,6.30,0.99,7.84,61.30,7.66,415.00,5.00,2.26,37.20,0.05,,0.62,0.06,0.04,1.87,9.30,2.24,83.00,,,,,,
159,40,"Inlet",,2021-11-24 00:00:00,"13:17",8.26,6.30,0.99,8.03,73.60,8.60,413.00,8.00,2.27,37.30,0.04,,0.18,0.05,0.09,2.02,10.20,2.52,46.00,0.01,1.65,,,,
158,39,"Outlet",,2021-12-3 00:00:00,"11:26",2.21,-5.00,0.98,7.81,69.10,9.33,493.00,5.00,3.38,44.30,0.01,,0.14,0.01,0.02,2.71,8.50,2.92,11.00,,,,,,
157,39,"Inlet",,2021-12-3 00:00:00,"11:38",2.43,-5.00,0.98,8.60,78.90,10.62,498.00,3.00,3.43,44.00,0.01,,0.04,0.01,0.02,2.58,5.70,2.76,7.00,0.02,2.28,,,,
156,38,"Outlet",,2021-11-26 00:00:00,"10:27",3.68,-1.10,0.98,7.79,36.30,4.67,850.00,4.00,5.95,75.30,5.0e-03,,0.02,9.1e-03,0.14,1.39,5.30,1.64,5.00,,,,,,
155,38,"Inlet",,2021-11-26 00:00:00,"10:09",0.79,-1.10,0.98,7.55,41.60,5.82,935.00,3.00,6.52,81.60,0.01,,0.03,0.02,0.63,1.77,4.30,2.32,1.50,4.279258976e-03,5.80,,,,
154,28,"Outlet",,2021-11-24 00:00:00,"11:53",2.33,5.70,0.99,7.33,41.60,5.54,423.00,4.00,1.73,37.70,0.02,,0.13,0.03,0.08,1.78,5.60,2.00,11.00,,,,,,
153,28,"Inlet",,2021-11-24 00:00:00,"11:39",4.87,5.70,0.99,7.19,35.20,4.46,435.00,5.00,1.71,36.50,0.02,,0.03,0.02,0.02,1.58,4.20,1.72,9.00,0.04,5.11,,,,
152,27,"Outlet",,2021-11-23 00:00:00,"11:36",2.06,0.90,1.00,7.95,63.50,8.75,1162.00,11.00,2.84,101.00,2.0e-03,"<0,004",0.03,6.8e-03,0.13,1.48,8.20,2.04,15.00,,,,,,
151,27,"Inlet",,2021-11-23 00:00:00,"11:20",1.23,0.90,1.00,7.61,71.70,10.10,1199.00,4.00,2.23,104.00,2.0e-03,"<0,004",9.1e-03,2.7e-03,0.11,2.07,6.10,2.53,1.50,0.02,3.94,,,,
150,26,"Outlet",,2021-11-25 00:00:00,"14:22",1.79,5.40,0.98,7.20,16.60,2.21,599.00,57.00,2.93,50.80,6.0e-03,,0.27,0.02,0.06,1.16,15.00,1.90,19.00,,,,,,
149,26,"Inlet",,2021-11-25 00:00:00,"14:36",6.93,5.40,0.98,7.40,77.90,9.22,599.00,2.00,3.22,55.50,0.01,,0.03,0.01,0.03,4.26,6.70,4.49,4.00,0.01,10.15,,,,
148,25,"Outlet",,2021-11-25 00:00:00,"13:42",3.06,5.40,0.98,6.82,5.70,0.75,336.00,7.00,0.69,27.20,0.06,,0.25,0.08,0.18,1.27,14.40,2.05,10.00,,,,,,
147,25,"Inlet",,2021-11-25 00:00:00,"13:56",5.56,5.40,0.98,6.63,28.60,3.54,385.00,16.00,0.45,24.30,0.01,,0.14,0.02,0.01,1.89,16.10,2.59,43.00,0.03,42.01,,,,
146,24,"Outlet",,2021-11-26 00:00:00,"13:13",2.81,-0.60,0.98,7.61,8.50,1.12,1249.00,8.00,4.69,105.00,0.24,,0.29,0.25,0.43,0.53,8.30,1.38,4.00,,,,,,
145,24,"Inlet",,2021-11-26 00:00:00,"12:48",6.50,-0.60,0.98,8.38,72.30,8.68,1997.00,6.00,4.66,187.00,0.51,,0.67,0.50,0.04,9.89,7.90,10.40,10.00,0.13,13.32,,,,
144,23,"Outlet",,2021-11-23 00:00:00,"13:52",2.20,1.80,1.00,7.63,60.90,8.37,397.00,9.00,2.88,35.90,0.11,,0.32,0.13,0.04,0.99,20.60,1.96,73.00,,,,,,
143,23,"Inlet",,2021-11-23 00:00:00,"13:37",3.27,1.80,1.00,8.16,80.00,10.68,427.00,8.00,3.08,36.50,0.11,,0.46,0.11,0.05,0.99,22.20,2.10,240.00,0.01,0.65,,,,
142,21,"Outlet",,2021-11-22 00:00:00,"12:57",1.64,0.60,0.99,7.92,70.80,9.83,406.00,8.00,3.04,36.00,0.17,,1.17,0.17,0.07,1.02,17.10,2.09,210.00,,,,,,
141,21,"Inlet",,2021-11-22 00:00:00,"12:33",2.71,0.60,0.99,7.89,77.00,10.41,428.00,6.00,3.04,36.10,0.16,,0.71,0.16,0.08,1.13,14.70,1.89,120.00,9.2054064232e-03,1.80,,,,
140,22,"Outlet",,2021-11-22 00:00:00,"13:31",3.91,0.60,0.99,7.83,75.10,9.88,272.00,4.00,3.08,35.70,0.05,,0.13,0.05,0.03,2.78,7.80,3.06,33.00,,,,,,
139,22,"Inlet",,2021-11-22 00:00:00,"13:20",3.69,0.60,0.99,8.01,72.20,9.51,401.00,5.00,3.11,35.90,0.05,,0.12,0.05,0.03,2.78,7.40,3.11,33.00,3.9706510188e-03,3.47,,,,
138,20,"Outlet",,2021-11-23 00:00:00,"14:51",0.92,0.20,1.00,7.62,61.30,8.69,636.00,4.00,3.86,56.50,0.01,,0.14,0.01,0.01,0.76,15.00,1.76,340.00,,,,,,
137,20,"Inlet",,2021-11-23 00:00:00,"15:01",2.09,0.20,1.00,7.68,91.60,12.59,619.00,3.00,3.65,54.60,8.0e-03,,0.04,9.0e-03,0.03,0.77,6.40,1.06,18.00,1.6606583809e-03,1.90,,,,
136,19,"Outlet",,2021-11-24 00:00:00,"10:47",1.93,4.60,0.99,7.67,623.00,8.56,385.00,4.00,2.11,33.60,0.03,,0.15,0.04,0.12,3.84,13.30,4.40,42.00,,,,,,
135,19,"Inlet",,2021-11-24 00:00:00,"10:29",3.46,4.60,0.99,8.16,91.40,12.08,371.00,4.00,2.27,33.40,0.03,,0.11,0.03,0.02,4.33,8.90,4.82,66.00,0.04,10.78,,,,
134,18,"Outlet",,2021-11-23 00:00:00,"9:10",2.33,-0.16,0.99,7.94,67.70,9.24,554.00,15.00,4.16,48.60,2.0e-03,"<0,004",0.04,6.7e-03,0.02,1.17,15.50,1.73,8.00,,,,,,
133,18,"Inlet",,2021-11-23 00:00:00,"9:32",2.67,-0.16,0.99,7.92,46.70,6.32,563.00,61.00,4.23,49.50,2.0e-03,"<0,004",0.03,6.9e-03,9.0e-03,1.10,15.30,1.65,7.00,0.01,2.43,,,,
132,17,"Outlet",,2021-11-22 00:00:00,"14:22",2.35,0.60,0.99,7.84,57.40,7.83,1026.00,47.00,1.80,88.20,5.0e-03,,0.10,0.01,0.05,1.75,8.60,2.18,40.00,,,,,,
131,17,"Inlet",,2021-11-22 00:00:00,"14:36",6.08,0.60,0.99,6.91,46.30,5.72,1360.00,2.00,1.20,118.00,2.0e-03,"<0,004",9.2e-03,1.6e-03,0.05,3.85,5.40,4.08,14.00,3.5102699122e-03,34.31,,,,
130,16,"Outlet",,2021-11-22 00:00:00,"11:34",0.79,-0.40,1.00,7.61,52.40,7.48,529.00,6.00,3.49,44.90,0.09,,0.64,0.10,0.11,3.33,10.90,3.74,64.00,,,,,,
129,16,"Inlet",,2021-11-22 00:00:00,"11:15",6.59,-0.40,1.00,7.78,86.10,10.53,410.00,4.00,3.85,45.90,0.02,,0.07,0.02,0.01,2.73,8.00,2.96,26.00,3.1962509318e-03,6.87,,,,
128,15,"Outlet",,2021-11-26 00:00:00,"14:31",0.50,-0.91,0.98,7.58,3.30,0.46,2271.00,115.00,7.06,202.00,2.0e-03,"<0,004",0.19,0.01,0.02,7.0e-03,14.30,1.18,85.00,,,,,,
127,15,"Inlet",,2021-11-26 00:00:00,"14:16",0.88,-0.91,0.98,7.32,4.50,0.62,2241.00,161.00,6.23,203.00,4.0e-03,,0.19,0.01,0.01,9.0e-03,17.10,1.44,90.00,0.23,0.17,,,,
126,14,"Outlet",,2021-12-1 00:00:00,"12:03",1.37,-7.00,0.97,7.81,65.40,8.95,908.00,10.00,3.80,81.70,2.0e-03,"<0,004",0.05,0.01,0.09,0.01,25.90,2.20,15.00,,,,,,
125,14,"Inlet",,2021-12-1 00:00:00,"11:32",0.55,-7.00,0.98,7.41,48.40,6.78,1170.00,22.00,4.24,104.00,2.0e-03,"<0,004",0.08,0.01,0.04,5.0e-03,31.90,2.45,21.00,0.02,5.05,,,,
124,6,"Outlet",,2021-12-1 00:00:00,"13:14",1.51,-7.00,0.97,7.80,60.50,8.27,682.00,3.00,3.39,60.80,0.02,,0.04,0.02,0.03,2.86,4.80,2.96,10.00,,,,,,
123,6,"Inlet",,2021-12-1 00:00:00,"13:00",5.19,-7.00,0.98,8.04,95.10,11.80,653.00,1.00,3.27,58.20,0.03,,0.06,0.03,0.11,2.90,4.40,3.11,11.00,2.6804888096e-03,19.11,,,,
122,5,"Outlet",,2021-11-25 00:00:00,"9:49",1.72,6.80,0.98,7.45,23.40,3.20,581.00,8.00,2.97,51.00,0.03,,0.09,0.04,0.21,5.53,11.40,6.04,31.00,,,,,,
121,5,"Inlet",,2021-11-25 00:00:00,"9:34",4.80,6.80,0.98,8.29,35.40,4.46,593.00,6.00,3.16,52.70,0.05,,0.07,0.05,0.03,6.91,8.20,7.34,17.00,0.25,9.96,,,,
120,4,"Outlet",,2021-11-25 00:00:00,"11:17",0.65,6.40,0.98,7.79,47.90,6.75,292.00,5.00,4.50,51.80,0.02,,0.24,0.02,0.02,0.11,4.70,0.46,110.00,,,,,,
119,4,"Inlet",,2021-11-25 00:00:00,"11:06",6.96,6.40,0.98,7.96,62.90,7.50,494.00,3.00,3.51,49.30,0.13,,0.37,0.12,0.05,0.48,4.00,0.78,77.00,3.0040849113e-03,1.09,,,,
118,37,"Outlet",,2021-11-8 00:00:00,"13:12",8.74,8.05,1.00,6.56,77.40,8.96,296.00,5.00,0.57,26.20,2.0e-03,"<0,004",0.02,3.8e-03,0.01,12.30,6.00,12.50,1.50,,,,,,
117,37,"Inlet",,2021-11-8 00:00:00,"12:44",9.63,8.05,1.00,6.42,95.40,10.81,292.00,7.00,0.55,26.00,2.0e-03,"<0,004",0.01,3.5e-03,0.02,12.40,5.70,12.60,1.50,7.7135125838e-04,30.57,,,,
116,36,"Outlet",,2021-11-11 00:00:00,"12:02",7.35,9.00,1.00,6.96,55.60,6.63,115.00,5.00,0.26,10.40,4.0e-03,,0.02,0.01,0.06,0.70,9.50,1.27,1.50,,,,,,
115,36,"Inlet",,2021-11-11 00:00:00,"12:24",8.09,9.00,0.99,6.48,31.30,3.68,134.00,9.00,0.28,11.90,5.0e-03,,0.03,0.01,0.13,1.29,10.90,1.92,1.50,6.2651169587e-03,2.95,,,,
114,35,"Outlet",,2021-11-11 00:00:00,"11:42",7.19,9.00,1.00,6.99,52.90,6.41,98.00,7.00,0.20,9.01,5.0e-03,,0.02,0.01,0.07,0.40,8.80,0.97,1.50,,,,,,
113,35,"Inlet",,2021-11-11 00:00:00,"11:54",7.57,9.00,1.00,6.94,49.40,5.89,101.00,8.00,0.21,9.08,5.0e-03,,0.13,0.02,0.11,0.43,9.50,1.11,4.00,4.1456704465e-03,1.15,,,,
112,34,"Outlet",,2021-11-11 00:00:00,"11:25",7.42,9.00,1.00,7.05,58.30,6.98,79.00,29.00,0.18,7.11,2.0e-03,"<0,004",0.04,0.02,0.08,0.02,10.60,0.82,5.00,,,,,,
111,34,"Inlet",,2021-11-11 00:00:00,"11:34",7.30,9.00,1.00,6.91,54.00,6.45,102.00,14.00,0.25,9.39,0.01,,0.06,0.03,0.24,0.38,9.70,1.19,4.00,4.1477242567e-03,0.99,,,,
110,33,"Outlet",,2021-11-11 00:00:00,"11:06",7.28,9.00,1.00,6.93,61.80,7.44,150.00,34.00,0.40,12.50,2.0e-03,"<0,004",0.02,7.5e-03,0.02,1.76,5.10,2.06,1.50,,,,,,
109,33,"Inlet",,2021-11-11 00:00:00,"11:19",7.54,9.00,1.00,6.68,8.50,1.01,207.00,30.00,0.42,13.00,2.0e-03,"<0,004",0.06,5.6e-03,0.27,2.29,6.80,2.88,7.00,4.5120465996e-03,4.29,,,,
108,32,"Outlet",,2021-11-8 00:00:00,"15:06",7.71,6.80,1.00,7.02,60.20,7.20,118.00,6.00,0.50,13.60,2.0e-03,"<0,004",0.01,3.4e-03,0.10,1.98,4.50,2.22,1.50,,,,,,
107,32,"Inlet",,2021-11-8 00:00:00,"15:46",9.78,6.80,1.00,6.86,79.60,7.90,210.00,11.00,0.24,10.10,2.0e-03,"<0,004",0.12,4.2e-03,0.01,1.5e-03,14.20,1.13,120.00,6.6383118092e-03,5.44,,,,
106,31,"Outlet",,2021-11-8 00:00:00,"14:45",7.89,7.10,1.00,7.29,75.10,8.94,199.00,11.00,0.46,17.70,2.0e-03,"<0,004",9.0e-03,1.6e-03,0.01,6.97,3.20,7.39,1.50,,,,,,
105,31,"Inlet",,2021-11-8 00:00:00,"14:58",8.52,7.10,1.00,6.24,32.50,3.80,153.00,5.00,0.51,14.10,2.0e-03,"<0,004",0.03,4.5e-03,0.09,3.21,5.00,3.63,8.00,3.9197319474e-03,5.34,,,,
104,30,"Outlet",,2021-11-8 00:00:00,"14:25",8.15,7.10,1.00,7.40,86.50,10.30,209.00,14.00,0.54,18.70,2.0e-03,"<0,004",0.01,5.0e-03,0.04,7.11,3.70,7.59,1.50,,,,,,
103,30,"Inlet",,2021-11-8 00:00:00,"14:38",6.86,7.10,1.00,6.68,61.10,7.49,244.00,6.00,0.55,19.10,0.09,,0.38,0.10,0.65,7.24,11.80,9.57,62.00,3.7507331209e-03,3.36,,,,
102,29,"Outlet",,2021-11-8 00:00:00,"11:17",8.55,4.90,1.00,7.26,34.00,3.96,367.00,6.00,1.64,32.30,0.07,,0.95,0.10,0.09,6.28,11.20,7.20,180.00,,,,,,
101,29,"Inlet",,2021-11-8 00:00:00,"10:48",10.09,4.90,1.00,7.14,88.80,10.09,446.00,7.00,2.06,39.70,5.0e-03,,0.59,0.02,0.05,8.87,12.10,9.77,110.00,0.02,11.50,,,,
100,13,"Outlet",,2021-11-9 00:00:00,"15:03",8.73,8.60,1.00,7.35,62.30,7.25,481.00,7.00,2.22,42.40,0.03,,0.10,0.04,0.03,11.40,7.50,11.70,31.00,,,,,,
99,13,"Inlet",,2021-11-9 00:00:00,"14:40",9.66,8.60,1.00,7.64,84.60,9.70,483.00,5.00,2.30,43.30,0.03,,0.09,0.03,0.02,11.60,6.30,11.80,17.00,3.744346223e-03,8.49,,,,
98,12,"Outlet",,2021-11-9 00:00:00,"13:51",7.18,7.70,1.00,6.63,33.00,4.01,293.00,4.00,0.50,25.80,2.0e-03,"<0,004",0.01,3.9e-03,0.07,10.20,7.60,10.50,3.00,,,,,,
97,12,"Inlet",,2021-11-9 00:00:00,"13:25",8.92,7.70,1.00,6.20,30.60,3.56,301.00,7.00,0.44,26.50,2.0e-03,"<0,004",0.04,6.6e-03,0.08,11.60,7.60,12.30,5.00,0.07,1.36,,,,
96,11,"Outlet",,2021-11-10 00:00:00,"12:22",7.75,10.00,1.00,7.14,70.60,8.47,274.00,41.00,0.51,24.30,2.0e-03,"<0,004",0.01,3.6e-03,0.01,7.31,4.40,7.84,5.00,,,,,,
95,11,"Inlet",,2021-11-10 00:00:00,"12:10",10.29,10.00,1.00,6.25,61.60,6.90,289.00,2.00,0.28,26.10,5.0e-03,,0.02,5.7e-03,0.04,11.80,4.20,12.10,1.50,4.5472368691e-03,4.64,,,,
94,10,"Outlet",,2021-11-10 00:00:00,"9:06",8.07,9.40,1.00,6.67,58.70,6.95,235.00,6.00,0.40,30.60,2.0e-03,"<0,004",0.01,2.7e-03,0.08,12.20,7.10,12.60,5.00,,,,,,
93,10,"Inlet",,2021-11-10 00:00:00,"8:55",9.97,9.40,1.00,6.24,63.10,7.15,351.00,4.00,0.37,31.40,4.0e-03,,0.01,5.3e-03,0.13,13.00,7.20,13.30,7.00,0.01,15.64,,,,
92,9,"Outlet",,2021-11-10 00:00:00,"9:41",8.30,9.30,1.00,6.20,46.80,5.52,334.00,7.00,0.44,29.60,2.0e-03,"<0,004",0.01,4.5e-03,0.04,11.50,6.50,11.80,1.50,,,,,,
91,9,"Inlet",,2021-11-10 00:00:00,"9:54",9.09,9.30,1.00,6.50,82.70,9.60,339.00,5.00,0.39,30.00,2.0e-03,"<0,004",0.02,3.8e-03,0.06,12.70,6.30,13.10,4.00,0.02,12.01,,,,
90,8,"Outlet",,2021-11-10 00:00:00,"10:18",7.93,9.30,1.00,6.76,50.40,6.00,329.00,10.00,0.53,28.90,2.0e-03,"<0,004",0.02,7.8e-03,0.03,10.30,7.40,10.60,1.50,,,,,,
89,8,"Inlet",,2021-11-10 00:00:00,"10:38",8.85,9.30,1.00,6.65,46.00,5.36,346.00,10.00,0.53,29.40,2.0e-03,"<0,004",0.02,5.8e-03,0.05,10.80,7.50,11.10,1.50,2.1794229921e-03,5.70,,,,
88,7,"Outlet",,2021-11-10 00:00:00,"11:25",8.67,10.00,1.00,6.86,68.60,8.00,344.00,5.00,0.58,30.40,2.0e-03,"<0,004",7.5e-03,2.1e-03,0.02,14.50,5.20,14.80,1.50,,,,,,
87,7,"Inlet",,2021-11-10 00:00:00,"11:12",8.93,10.00,1.00,6.93,88.90,10.33,343.00,4.00,0.54,30.40,2.0e-03,"<0,004",0.01,3.0e-03,0.05,14.90,5.10,15.10,10.00,2.5882498139e-03,7.16,,,,
86,3,"Outlet",,2021-11-9 00:00:00,"9:50",6.48,6.35,1.00,7.14,70.60,8.72,185.00,5.00,0.58,16.60,0.07,,0.36,0.08,0.05,1.77,14.70,2.88,170.00,,,,,,
85,3,"Inlet",,2021-11-9 00:00:00,"9:37",9.54,6.35,1.00,7.70,105.90,12.16,193.00,7.00,0.51,17.60,0.10,,0.11,0.10,0.01,2.60,12.50,3.22,7.00,0.11,5.99,,,,
84,2,"Outlet",,2021-11-9 00:00:00,"10:11",5.88,6.35,1.00,6.72,45.10,5.66,194.00,12.00,0.70,17.30,0.07,,0.43,0.08,0.04,1.57,11.10,2.24,160.00,,,,,,
83,2,"Inlet",,2021-11-9 00:00:00,"9:56",6.45,6.35,1.00,7.27,79.40,9.85,103.00,7.00,0.59,16.60,0.07,,0.37,0.08,0.02,1.76,14.70,2.72,380.00,0.01,1.71,,,,
82,1,"Outlet",,2021-11-11 00:00:00,"9:48",7.94,9.90,1.00,7.53,57.80,6.85,809.00,9.00,1.62,70.90,0.01,,0.03,0.01,0.04,19.70,8.10,20.40,11.00,,,,,,
81,1,"Inlet",,2021-11-11 00:00:00,"9:58",9.35,9.90,1.00,7.06,90.50,10.36,825.00,4.00,1.62,72.30,0.01,,0.04,0.02,0.03,20.70,8.00,21.00,17.00,4.2625269409e-04,12.55,,,,
80,40,"Outlet",,2021-10-7 00:00:00,"12:17",12.03,14.31,1.01,7.28,39.80,4.35,553.00,8.00,1.79,49.70,0.08,,0.93,0.10,0.06,0.99,12.70,1.88,300.00,,,,,,
79,40,"Inlet",,2021-10-7 00:00:00,"11:49",12.30,14.69,1.01,7.68,66.00,7.16,560.00,4.00,2.06,50.00,0.11,,0.25,0.12,0.03,1.54,10.80,2.18,32.00,0.06,2.07,,,,
78,39,"Outlet",,2021-10-7 00:00:00,"17:22",11.52,14.77,1.01,7.45,79.90,8.84,328.00,8.00,1.90,29.40,0.01,,0.38,0.03,0.03,4.76,27.60,6.93,290.00,,,,,,
77,39,"Inlet",,2021-10-7 00:00:00,"17:43",11.45,12.04,1.01,7.69,91.40,10.11,336.00,7.00,2.01,30.00,0.01,,0.19,0.03,0.01,4.28,22.50,5.78,130.00,3.0672174384e-03,2.93,,,,
76,38,"Outlet",,2021-9-29 00:00:00,"17:30",10.72,14.70,1.01,7.80,35.90,401.00,668.00,11.00,5.28,59.20,7.0e-03,,0.07,0.01,0.03,1.5e-03,9.50,0.75,15.00,,,,,,
75,38,"Inlet",,2021-9-29 00:00:00,"17:10",11.01,14.70,1.01,7.76,47.50,5.28,814.00,5.00,5.99,69.80,5.0e-03,,0.08,0.01,0.01,1.5e-03,9.50,0.78,11.00,1.9719790335e-03,0.44,,,,
74,28,"Outlet",,2021-10-22 00:00:00,"13:31",5.12,7.60,0.97,6.83,12.20,1.51,420.00,6.00,2.35,36.80,0.06,,0.30,0.08,0.02,1.5e-03,8.30,0.60,8.00,,,,,,
73,28,"Inlet",,2021-10-22 00:00:00,"12:52",7.36,7.60,0.97,7.20,30.20,3.55,434.00,6.00,1.95,37.80,0.02,,0.11,0.03,0.06,0.73,6.50,1.11,12.00,0.07,0.74,,,,
72,27,"Outlet",,2021-9-27 00:00:00,"14:37",13.90,15.41,1.01,8.49,85.90,9.18,970.00,19.00,2.79,84.70,2.0e-03,"<0,004",0.09,0.01,0.02,0.05,9.70,0.97,35.00,,,,,,
71,27,"Inlet",,2021-9-27 00:00:00,"14:10",15.30,15.41,1.01,9.00,122.00,12.28,921.00,18.00,2.74,84.00,2.0e-03,"<0,004",0.17,0.01,9.0e-03,0.03,11.10,0.99,76.00,0.01,0.72,,,,
70,26,"Outlet",,2021-9-28 00:00:00,"13:51",10.72,12.02,1.01,7.21,22.40,2.52,468.00,25.00,2.56,42.10,0.05,,0.58,0.26,0.07,0.01,22.90,1.93,590.00,,,,,,
69,26,"Inlet",,2021-9-28 00:00:00,"14:20",12.16,15.32,1.01,7.69,63.40,6.91,733.00,5.00,4.01,65.00,8.0e-03,,0.77,0.01,5.0e-03,2.32,6.70,2.59,360.00,0.01,6.27,,,,
68,25,"Outlet",,2021-9-28 00:00:00,"12:08",10.87,11.40,1.01,6.97,48.50,5.44,351.00,42.00,1.10,32.10,0.04,,0.47,0.07,0.03,3.0e-03,19.30,1.55,35.00,,,,,,
67,25,"Inlet",,2021-9-28 00:00:00,"11:30",11.59,12.66,1.01,6.00,7.20,0.79,868.00,4.00,1.32,61.60,0.05,,1.14,0.09,0.23,0.33,19.70,2.14,82.00,0.06,0.55,,,,
66,24,"Outlet",,2021-10-22 00:00:00,"17:50",6.23,3.46,0.97,7.39,51.50,6.21,503.00,7.00,1.69,44.20,0.43,,0.84,0.43,0.05,1.23,17.60,2.51,210.00,,,,,,
65,24,"Inlet",,2021-10-22 00:00:00,"17:33",9.01,3.46,0.97,7.75,96.30,10.85,664.00,7.00,2.65,58.90,0.25,,0.35,0.27,0.02,3.17,13.20,3.82,47.00,3.3655367928e-03,2.43,,,,
64,23,"Outlet",,2021-10-6 00:00:00,"12:25",12.27,14.16,0.99,7.37,63.70,6.80,270.00,11.00,1.68,24.70,0.46,,1.56,0.51,0.44,1.79,45.60,5.98,740.00,,,,,,
63,23,"Inlet",,2021-10-6 00:00:00,"11:58",12.23,14.64,0.99,7.42,66.50,7.11,237.00,7.00,1.67,21.50,0.36,,1.49,0.40,0.36,1.33,48.00,5.26,680.00,8.1387191732e-03,2.78,,,,
62,21,"Outlet",,2021-10-6 00:00:00,"15:29",12.20,13.67,1.00,7.24,62.00,6.65,270.00,13.00,1.69,22.60,0.42,,1.07,0.45,0.04,0.83,32.60,2.93,220.00,,,,,,
61,21,"Inlet",,2021-10-6 00:00:00,"15:14",12.23,14.59,1.00,7.44,66.10,7.12,268.00,10.00,1.83,23.70,0.41,,1.07,0.43,0.04,0.81,33.50,2.95,220.00,6.2852024275e-03,1.51,,,,
60,22,"Outlet",,2021-10-6 00:00:00,"13:52",11.89,15.73,0.99,7.07,65.40,7.07,293.00,9.00,1.19,26.00,0.22,,1.48,0.23,0.02,11.10,35.20,14.40,620.00,,,,,,
59,22,"Inlet",,2021-10-6 00:00:00,"14:12",12.07,15.02,1.00,7.14,56.60,6.10,299.00,6.00,1.21,26.30,0.20,,1.49,0.23,0.01,9.73,33.20,13.10,700.00,5.4027150868e-03,10.94,,,,
58,20,"Outlet",,2021-9-27 00:00:00,"17:36",9.83,13.34,1.01,7.28,33.50,3.83,593.00,7.00,3.51,52.40,0.01,,0.07,0.02,0.01,0.08,7.40,0.50,18.00,,,,,,
57,20,"Inlet",,2021-9-27 00:00:00,"17:07",13.54,13.34,1.01,7.97,104.10,11.01,612.00,4.00,3.55,53.60,4.0e-03,,0.03,7.9e-03,0.01,0.33,6.30,0.67,19.00,1.8858790768e-03,0.99,,,,
56,19,"Outlet",,2021-9-29 00:00:00,"12:30",10.96,11.72,1.01,7.16,7.40,0.82,451.00,11.00,3.10,35.40,0.13,,0.77,0.15,0.44,0.25,19.20,1.76,32.00,,,,,,
55,19,"Inlet",,2021-9-29 00:00:00,"12:11",11.06,11.72,1.01,7.85,57.10,6.35,406.00,5.00,2.76,34.90,0.06,,0.22,0.08,0.11,2.77,7.60,3.38,110.00,0.34,1.12,,,,
54,18,"Outlet",,2021-9-22 00:00:00,"12:56",11.97,10.82,1.00,7.92,63.50,6.83,426.00,14.00,3.34,38.00,2.0e-03,"<0,004",0.02,9.6e-03,8.0e-03,1.5e-03,17.40,0.90,7.00,,,,,,
53,18,"Inlet",,2021-9-22 00:00:00,"11:55",11.10,10.90,1.00,7.66,62.10,6.88,430.00,14.00,3.39,38.30,2.0e-03,"<0,004",0.03,0.01,0.02,1.5e-03,17.70,1.00,6.00,0.03,0.56,,,,
52,17,"Outlet",,2021-9-30 00:00:00,"14:39",10.83,11.34,1.00,7.47,12.80,1.42,746.00,33.00,2.84,66.00,0.07,,0.36,0.10,0.10,0.02,17.40,1.46,62.00,,,,,,
51,17,"Inlet",,2021-9-30 00:00:00,"14:00",11.71,11.10,1.00,5.88,39.80,4.34,1568.00,65.00,2.62,75.70,8.0e-03,,0.43,0.03,0.01,0.34,17.80,2.02,120.00,5.0879817014e-03,10.25,,,,
50,16,"Outlet",,2021-10-5 00:00:00,"13:31",11.45,14.76,1.00,7.37,66.80,7.30,528.00,5.00,2.59,39.20,1.39,,2.08,1.52,0.81,3.52,18.50,5.37,170.00,,,,,,
49,16,"Inlet",,2021-10-5 00:00:00,"13:05",11.26,16.58,1.00,7.34,48.70,5.36,444.00,6.00,3.34,43.40,0.03,,0.14,0.04,0.02,2.91,13.00,3.72,62.00,0.01,9.29,,,,
48,15,"Outlet",,2021-10-8 00:00:00,"13:18",10.24,16.42,1.02,7.54,6.80,0.78,1950.00,9.00,5.57,181.00,2.0e-03,"<0,004",0.13,0.02,0.02,1.5e-03,11.70,0.76,82.00,,,,,,
47,15,"Inlet",,2021-10-8 00:00:00,"12:24",9.65,15.47,1.02,7.38,14.10,1.63,1900.00,23.00,4.21,173.00,2.0e-03,"<0,004",0.12,0.01,7.0e-03,1.5e-03,14.80,0.99,63.00,0.12,0.37,,,,
46,14,"Outlet",,2021-9-23 00:00:00,"13:05",12.57,11.97,0.97,7.95,70.80,7.31,688.00,10.00,1.85,58.90,2.0e-03,"<0,004",0.13,0.02,0.04,1.5e-03,21.60,1.97,33.00,,,,,,
45,14,"Inlet",,2021-9-23 00:00:00,"12:00",11.54,12.84,0.97,7.34,37.60,3.98,729.00,30.00,1.84,59.30,0.01,,0.08,0.03,0.03,1.5e-03,21.40,1.79,14.00,0.06,0.53,,,,
44,6,"Outlet",,2021-9-30 00:00:00,"17:12",10.59,13.12,1.00,7.37,43.10,4.82,648.00,3.00,3.15,57.60,0.01,,0.03,0.01,0.02,2.41,4.30,2.69,6.00,,,,,,
43,6,"Inlet",,2021-9-30 00:00:00,"17:36",11.14,10.94,1.00,7.57,95.80,10.58,656.00,3.00,3.13,58.20,0.02,,0.55,0.02,0.01,2.81,4.80,3.17,52.00,3.9134357765e-03,30.05,,,,
42,5,"Outlet",,2021-10-4 00:00:00,"16:55",12.97,14.30,1.00,7.19,5.90,0.61,626.00,20.00,4.10,55.50,0.07,,1.67,0.11,0.04,6.0e-03,20.20,1.36,740.00,,,,,,
41,5,"Inlet",,2021-10-4 00:00:00,"16:37",12.39,15.74,1.00,7.80,37.20,3.98,825.00,8.00,4.07,72.00,0.20,,0.28,0.22,0.04,5.89,10.90,6.74,21.00,0.25,2.59,,,,
40,4,"Outlet",,2021-10-4 00:00:00,"14:20",12.83,17.77,1.00,4.41,31.30,3.32,521.00,10.00,3.18,45.20,8.0e-03,,0.05,0.02,0.01,1.5e-03,8.30,0.50,5.00,,,,,,
39,4,"Inlet",,2021-10-4 00:00:00,"14:50",11.98,16.55,1.00,7.64,36.50,3.94,572.00,7.00,3.21,44.30,0.14,,0.31,0.15,0.05,0.47,6.40,0.91,46.00,0.26,0.47,,,,
38,37,"Outlet",,2021-8-25 00:00:00,"9:53",15.07,15.70,0.99,6.58,40.60,4.05,266.00,17.00,0.57,23.80,2.0e-03,"<0,004",0.01,3.9e-03,0.02,10.30,6.80,12.40,30.00,,,,,,
37,37,"Inlet",,2021-8-25 00:00:00,"9:14",14.94,15.70,0.99,6.43,78.50,7.92,247.00,6.00,0.55,24.10,2.0e-03,"<0,004",0.03,4.6e-03,0.01,10.90,4.20,12.50,8.00,8.5320789039e-04,11.95,,,,
36,36,"Outlet",,2021-8-24 00:00:00,"18:18",18.90,18.30,1.01,6.98,69.50,6.29,101.00,10.00,0.30,9.54,2.0e-03,"<0,004",0.04,0.01,0.05,0.32,9.90,0.97,12.00,,,,,,
35,36,"Inlet",,2021-8-24 00:00:00,"18:31",19.90,18.30,1.01,6.58,82.10,7.52,0.00,6.00,0.30,10.10,2.0e-03,"<0,004",0.04,0.01,0.05,0.03,9.90,0.67,4.00,0.01,0.86,,,,
34,35,"Outlet",,2021-8-24 00:00:00,"16:56",19.25,21.50,1.01,7.22,78.80,7.36,97.00,45.00,0.18,8.78,2.0e-03,"<0,004",0.07,0.02,0.16,0.02,15.50,1.27,15.00,,,,,,
33,35,"Inlet",,2021-8-24 00:00:00,"17:06",20.73,21.50,1.01,7.19,63.60,5.80,68.00,20.00,0.18,8.79,2.0e-03,"<0,004",0.10,0.01,0.15,0.02,14.90,1.18,11.00,0.01,0.53,,,,
32,34,"Outlet",,2021-8-24 00:00:00,"16:19",22.33,21.50,1.01,7.23,71.60,6.29,79.00,11.00,0.21,7.42,2.0e-03,"<0,004",0.05,0.02,0.07,1.5e-03,17.20,1.31,14.00,,,,,,
31,34,"Inlet",,2021-8-24 00:00:00,"16:48",23.46,21.50,1.01,7.15,79.10,6.81,63.00,52.00,0.07,5.72,2.0e-03,"<0,004",0.11,0.03,0.22,3.0e-03,23.90,2.15,18.00,0.03,0.40,,,,
30,33,"Outlet",,2021-8-24 00:00:00,"14:16",20.80,18.60,1.01,7.00,53.30,4.85,134.00,5.00,0.51,12.00,2.0e-03,"<0,004",0.04,0.01,0.08,0.23,7.40,0.81,7.00,,,,,,
29,33,"Inlet",,2021-8-24 00:00:00,"14:32",22.97,18.60,1.01,7.19,65.40,5.54,128.00,8.00,0.53,12.30,2.0e-03,"<0,004",0.03,0.01,0.13,0.33,7.50,0.95,9.00,0.02,3.58,,,,
28,32,"Outlet",,2021-8-24 00:00:00,"13:55",18.27,18.60,1.01,7.00,68.10,6.48,153.00,4.00,0.63,13.60,2.0e-03,"<0,004",0.01,5.2e-03,0.02,0.82,6.50,1.20,7.00,,,,,,
27,32,"Inlet",,2021-8-24 00:00:00,"14:09",16.38,18.60,1.01,6.32,53.00,5.16,137.00,7.00,0.59,13.50,2.0e-03,"<0,004",0.01,4.8e-03,0.12,0.85,5.90,1.27,8.00,0.04,20.75,,,,
26,31,"Outlet",,2021-8-24 00:00:00,"11:35",18.32,18.50,1.01,7.19,84.40,7.99,187.00,4.00,0.62,16.60,2.0e-03,"<0,004",0.01,5.7e-03,0.03,4.19,5.40,4.70,8.00,,,,,,
25,31,"Inlet",,2021-8-24 00:00:00,"11:57",19.57,18.60,1.01,7.30,80.40,7.38,135.00,4.00,0.62,16.80,2.0e-03,"<0,004",0.02,5.0e-03,0.07,4.50,6.40,5.08,17.00,0.01,9.12,,,,
24,30,"Outlet",,2021-8-24 00:00:00,"10:14",18.30,18.50,1.01,7.26,83.80,7.91,200.00,5.00,0.75,18.00,2.0e-03,"<0,004",0.02,8.9e-03,0.03,4.06,5.20,4.55,1.50,,,,,,
23,30,"Inlet",,2021-8-24 00:00:00,"10:46",16.00,20.07,1.01,7.24,80.00,8.04,207.00,4.00,0.70,18.90,4.0e-03,,0.08,9.0e-03,0.07,5.34,4.80,6.06,22.00,0.01,9.62,,,,
22,29,"Outlet",,2021-8-25 00:00:00,"11:20",15.47,16.40,0.99,6.87,8.10,0.80,412.00,11.00,1.87,36.70,0.03,,0.24,0.05,0.24,7.25,11.50,8.36,59.00,,,,,,
21,29,"Inlet",,2021-8-25 00:00:00,"11:45",13.54,16.40,0.99,7.38,79.70,8.30,442.00,3.00,1.87,39.40,0.03,,0.10,0.04,0.11,11.10,4.60,12.80,18.00,0.24,10.68,,,,
20,13,"Inlet",,2021-8-25 00:00:00,"16:40",15.07,18.40,0.99,7.23,19.40,1.99,509.00,8.00,2.75,45.50,0.04,,0.11,0.05,0.14,7.69,6.90,8.11,10.00,,,,,,
19,13,"Inlet",,2021-8-25 00:00:00,"16:16",14.80,18.40,0.99,7.60,85.00,8.40,423.00,7.00,2.81,47.00,0.06,,0.30,0.06,0.16,8.67,7.60,9.42,27.00,0.04,16.27,,,,
18,12,"Outlet",,2021-8-25 00:00:00,"18:03",18.43,18.80,0.99,7.05,66.20,5.95,270.00,19.00,0.79,24.10,5.0e-03,,0.07,0.01,0.06,5.71,9.40,6.49,6.00,,,,,,
17,12,"Inlet",,2021-8-25 00:00:00,"17:46",19.22,18.80,0.99,7.92,63.90,5.81,209.00,11.00,0.81,22.60,0.02,,0.12,0.03,0.23,4.53,11.00,5.80,43.00,8.0860607315e-03,7.16,,,,
16,11,"Outlet",,2021-8-26 00:00:00,"16:07",17.04,14.00,0.99,7.46,87.70,8.40,264.00,80.00,0.86,23.60,2.0e-03,"<0,004",0.04,8.0e-03,0.05,3.23,6.20,3.93,8.00,,,,,,
15,11,"Inlet",,2021-8-26 00:00:00,"16:29",12.62,14.00,0.99,6.13,34.40,3.62,122.00,3.00,0.35,26.00,2.0e-03,"<0,004",0.03,5.9e-03,0.04,10.40,5.00,12.20,22.00,5.9510026461e-03,5.59,,,,
14,10,"Outlet",,2021-8-26 00:00:00,"14:37",16.23,14.00,0.99,6.62,66.20,6.41,348.00,12.00,0.46,30.90,5.0e-03,,0.02,3.8e-03,0.06,11.10,7.70,13.40,9.00,,,,,,
13,10,"Inlet",,2021-8-26 00:00:00,"14:21",13.60,14.00,0.99,6.08,66.40,6.86,364.00,4.00,0.39,32.20,4.0e-03,,0.01,6.2e-03,0.20,12.50,6.90,14.90,7.00,0.01,16.41,,,,
12,9,"Outlet",,2021-8-26 00:00:00,"11:45",14.59,12.90,0.99,6.87,47.80,4.82,319.00,15.00,0.49,28.80,2.0e-03,"<0,004",0.02,6.1e-03,0.10,10.20,6.80,12.00,4.00,,,,,,
11,9,"Inlet",,2021-8-26 00:00:00,"12:19",14.41,12.90,0.99,6.71,82.70,8.38,,7.00,0.44,30.00,2.0e-03,"<0,004",0.01,4.4e-03,0.09,11.90,6.30,14.00,5.00,0.01,6.82,,,,
10,8,"Outlet",,2021-8-26 00:00:00,"10:50",15.44,12.90,0.99,6.84,42.60,4.22,180.00,23.00,0.57,29.60,2.0e-03,"<0,004",0.05,7.5e-03,0.06,9.70,7.80,11.80,6.00,,,,,,
9,8,"Inlet",,2021-8-26 00:00:00,"11:17",14.38,12.90,0.99,6.77,73.00,7.40,266.00,7.00,0.48,29.20,2.0e-03,"<0,004",0.02,6.5e-03,0.13,10.80,7.10,12.80,4.00,8.7945451109e-03,4.42,,,,
8,7,"Outlet",,2021-8-26 00:00:00,"9:30",13.78,12.90,0.99,7.28,36.50,3.64,242.00,7.00,0.58,27.60,2.0e-03,"<0,004",0.03,5.6e-03,0.02,12.20,5.70,14.10,4.00,,,,,,
7,7,"Inlet",,2021-8-26 00:00:00,"9:11",13.66,12.90,0.99,7.00,78.50,8.16,324.00,13.00,0.52,29.00,2.0e-03,"<0,004",0.04,3.7e-03,0.02,13.90,7.40,14.40,300.00,2.7869054982e-03,6.71,,,,
6,3,"Outlet",,2021-8-23 00:00:00,"17:12",20.26,23.10,1.01,7.71,73.50,6.80,209.00,7.00,0.83,18.00,0.03,,0.14,0.05,0.04,1.05,11.20,1.87,22.00,,,,,,
5,3,"Inlet",,2021-8-23 00:00:00,"17:42",18.30,23.10,1.01,6.80,30.40,3.18,231.00,7.00,0.87,19.20,0.03,,0.16,0.05,0.05,1.37,10.10,2.11,19.00,8.3500693131e-03,2.51,,,,
4,2,"Outlet",,2021-8-23 00:00:00,"16:35",14.85,23.10,1.01,6.88,27.70,2.84,185.00,6.00,0.87,16.80,0.03,,0.21,0.05,0.03,0.08,11.70,1.06,48.00,,,,,,
3,2,"Inlet",,2021-8-23 00:00:00,"16:53",17.45,23.10,1.01,6.93,68.60,6.43,242.00,6.00,,,,,,,,,,,,0.03,1.85,,,,
2,1,"Outlet",,2021-8-25 00:00:00,"14:00",17.25,18.10,0.99,8.11,113.00,10.91,878.00,7.00,1.36,72.50,2.0e-03,"<0,004",0.02,6.2e-03,0.01,17.40,10.20,20.30,9.00,,,,,,
1,1,"Inlet",,2021-8-25 00:00:00,"14:24",15.92,18.10,0.99,7.13,29.20,2.86,829.00,10.00,1.23,64.40,0.01,,0.04,0.02,0.11,12.30,12.20,14.70,7.00,1.681081267e-03,18.25,,,,
